2026-04-23 13:27:17 [ERROR]: PrismaClientValidationError: 
Invalid `tx.utilisateur.create()` invocation in
C:\Users\BERIOLE\Desktop\Projet soutenenace\projet\smarthealth\BACKEND\services\utilisateurService.js:9:48

  6 async create(userData, roleData = {}) {
  7   return prisma.$transaction(async (tx) => {
  8     // 1. Créer l'utilisateur
→ 9     const utilisateur = await tx.utilisateur.create({
          data: {
            nom: "Pharma",
            prenom: "Doc",
            type_utilisateur: "PHARMACIEN",
            sexe: "M",
            nom_pharmacie: "Pharma Test",
            ~~~~~~~~~~~~~
            numero_autorisation: "AUTH001",
            adresse: "Rue Test",
            latitude: "4.0",
            longitude: "9.7",
            email: "pharma.cmd@test.com",
            telephone: "pharma01",
            mot_de_passe_hash: "$2a$12$j.3JxovFQlrj8WbWtBg5sOvUOM.Rh6e.TPAl0JLAws8S67d81kuTS",
        ?   id_utilisateur?: String,
        ?   date_naissance?: DateTime | Null,
        ?   photo_profil?: String | Null,
        ?   langue_preferee?: Langue,
        ?   statut_compte?: StatutCompte,
        ?   date_creation?: DateTime,
        ?   derniere_connexion?: DateTime | Null,
        ?   patient?: PatientCreateNestedOneWithoutUtilisateurInput,
        ?   professionnel?: ProfessionnelSanteCreateNestedOneWithoutUtilisateurInput,
        ?   pharmacies?: PharmacieCreateNestedManyWithoutResponsableInput,
        ?   tuteurPatients?: PatientCreateNestedManyWithoutTuteurInput,
        ?   accesCarnets?: AccesCarnetCreateNestedManyWithoutAccedantInput
          }
        })

Unknown argument `nom_pharmacie`. Available options are marked with ?.
    at ar (C:\Users\BERIOLE\Desktop\Projet soutenenace\projet\smarthealth\BACKEND\node_modules\@prisma\client\src\runtime\core\errorRendering\throwValidationException.ts:46:9)
    at Gr.throwValidationException [as handleRequestError] (C:\Users\BERIOLE\Desktop\Projet soutenenace\projet\smarthealth\BACKEND\node_modules\@prisma\client\src\runtime\RequestHandler.ts:211:7)
    at Gr.handleAndLogRequestError (C:\Users\BERIOLE\Desktop\Projet soutenenace\projet\smarthealth\BACKEND\node_modules\@prisma\client\src\runtime\RequestHandler.ts:183:12)
    at Gr.request (C:\Users\BERIOLE\Desktop\Projet soutenenace\projet\smarthealth\BACKEND\node_modules\@prisma\client\src\runtime\RequestHandler.ts:152:12)
    at processTicksAndRejections (node:internal/process/task_queues:95:5)
    at a (C:\Users\BERIOLE\Desktop\Projet soutenenace\projet\smarthealth\BACKEND\node_modules\@prisma\client\src\runtime\getPrismaClient.ts:938:24)
    at C:\Users\BERIOLE\Desktop\Projet soutenenace\projet\smarthealth\BACKEND\services\utilisateurService.js:9:27
    at Proxy._transactionWithCallback (C:\Users\BERIOLE\Desktop\Projet soutenenace\projet\smarthealth\BACKEND\node_modules\@prisma\client\src\runtime\getPrismaClient.ts:785:18)
    at exports.register (C:\Users\BERIOLE\Desktop\Projet soutenenace\projet\smarthealth\BACKEND\controllers\authController.js:26:25)
2026-04-23 13:27:21 [ERROR]: Error: self-signed certificate in certificate chain
    at TLSSocket.onConnectSecure (node:_tls_wrap:1695:34)
    at TLSSocket.emit (node:events:524:28)
    at TLSSocket._finishInit (node:_tls_wrap:1093:8)
    at TLSWrap.ssl.onhandshakedone (node:_tls_wrap:879:12)
    at TLSWrap.callbackTrampoline (node:internal/async_hooks:130:17)
2026-04-23 13:27:21 [ERROR]: Error: Erreur de l'envoi du mail de vérification.
    at sendVerificationEmail (C:\Users\BERIOLE\Desktop\Projet soutenenace\projet\smarthealth\BACKEND\utils\email.js:48:11)
    at processTicksAndRejections (node:internal/process/task_queues:95:5)
    at exports.register (C:\Users\BERIOLE\Desktop\Projet soutenenace\projet\smarthealth\BACKEND\controllers\authController.js:37:5)
2026-04-23 13:27:24 [ERROR]: Error: self-signed certificate in certificate chain
    at TLSSocket.onConnectSecure (node:_tls_wrap:1695:34)
    at TLSSocket.emit (node:events:524:28)
    at TLSSocket._finishInit (node:_tls_wrap:1093:8)
    at TLSWrap.ssl.onhandshakedone (node:_tls_wrap:879:12)
    at TLSWrap.callbackTrampoline (node:internal/async_hooks:130:17)
2026-04-23 13:27:24 [ERROR]: Error: Erreur de l'envoi du mail de vérification.
    at sendVerificationEmail (C:\Users\BERIOLE\Desktop\Projet soutenenace\projet\smarthealth\BACKEND\utils\email.js:48:11)
    at processTicksAndRejections (node:internal/process/task_queues:95:5)
    at exports.register (C:\Users\BERIOLE\Desktop\Projet soutenenace\projet\smarthealth\BACKEND\controllers\authController.js:37:5)
2026-04-23 13:29:55 [ERROR]: PrismaClientValidationError: 
Invalid `tx.utilisateur.create()` invocation in
C:\Users\BERIOLE\Desktop\Projet soutenenace\projet\smarthealth\BACKEND\services\utilisateurService.js:9:48

  6 async create(userData, roleData = {}) {
  7   return prisma.$transaction(async (tx) => {
  8     // 1. Créer l'utilisateur
→ 9     const utilisateur = await tx.utilisateur.create({
          data: {
            nom: "Pharma",
            prenom: "Doc",
            type_utilisateur: "PHARMACIEN",
            sexe: "M",
            nom_pharmacie: "Pharma Test",
            ~~~~~~~~~~~~~
            numero_autorisation: "AUTH001",
            adresse: "Rue Test",
            latitude: "4.0",
            longitude: "9.7",
            email: "pharma.cmd@test.com",
            telephone: "pharma01",
            mot_de_passe_hash: "$2a$12$zlIO4ugh6AiJxjkZNnvpi.xWQGAIKn0paQK3ypT9TmeF4XMEiegRG",
        ?   id_utilisateur?: String,
        ?   date_naissance?: DateTime | Null,
        ?   photo_profil?: String | Null,
        ?   langue_preferee?: Langue,
        ?   statut_compte?: StatutCompte,
        ?   date_creation?: DateTime,
        ?   derniere_connexion?: DateTime | Null,
        ?   patient?: PatientCreateNestedOneWithoutUtilisateurInput,
        ?   professionnel?: ProfessionnelSanteCreateNestedOneWithoutUtilisateurInput,
        ?   pharmacies?: PharmacieCreateNestedManyWithoutResponsableInput,
        ?   tuteurPatients?: PatientCreateNestedManyWithoutTuteurInput,
        ?   accesCarnets?: AccesCarnetCreateNestedManyWithoutAccedantInput
          }
        })

Unknown argument `nom_pharmacie`. Available options are marked with ?.
    at ar (C:\Users\BERIOLE\Desktop\Projet soutenenace\projet\smarthealth\BACKEND\node_modules\@prisma\client\src\runtime\core\errorRendering\throwValidationException.ts:46:9)
    at Gr.throwValidationException [as handleRequestError] (C:\Users\BERIOLE\Desktop\Projet soutenenace\projet\smarthealth\BACKEND\node_modules\@prisma\client\src\runtime\RequestHandler.ts:211:7)
    at Gr.handleAndLogRequestError (C:\Users\BERIOLE\Desktop\Projet soutenenace\projet\smarthealth\BACKEND\node_modules\@prisma\client\src\runtime\RequestHandler.ts:183:12)
    at Gr.request (C:\Users\BERIOLE\Desktop\Projet soutenenace\projet\smarthealth\BACKEND\node_modules\@prisma\client\src\runtime\RequestHandler.ts:152:12)
    at processTicksAndRejections (node:internal/process/task_queues:95:5)
    at a (C:\Users\BERIOLE\Desktop\Projet soutenenace\projet\smarthealth\BACKEND\node_modules\@prisma\client\src\runtime\getPrismaClient.ts:938:24)
    at C:\Users\BERIOLE\Desktop\Projet soutenenace\projet\smarthealth\BACKEND\services\utilisateurService.js:9:27
    at Proxy._transactionWithCallback (C:\Users\BERIOLE\Desktop\Projet soutenenace\projet\smarthealth\BACKEND\node_modules\@prisma\client\src\runtime\getPrismaClient.ts:785:18)
    at exports.register (C:\Users\BERIOLE\Desktop\Projet soutenenace\projet\smarthealth\BACKEND\controllers\authController.js:26:25)
2026-04-23 13:29:58 [ERROR]: Error: self-signed certificate in certificate chain
    at TLSSocket.onConnectSecure (node:_tls_wrap:1695:34)
    at TLSSocket.emit (node:events:524:28)
    at TLSSocket._finishInit (node:_tls_wrap:1093:8)
    at TLSWrap.ssl.onhandshakedone (node:_tls_wrap:879:12)
    at TLSWrap.callbackTrampoline (node:internal/async_hooks:130:17)
2026-04-23 13:29:58 [ERROR]: Error: Erreur de l'envoi du mail de vérification.
    at sendVerificationEmail (C:\Users\BERIOLE\Desktop\Projet soutenenace\projet\smarthealth\BACKEND\utils\email.js:48:11)
    at processTicksAndRejections (node:internal/process/task_queues:95:5)
    at exports.register (C:\Users\BERIOLE\Desktop\Projet soutenenace\projet\smarthealth\BACKEND\controllers\authController.js:37:5)
2026-04-23 13:30:02 [ERROR]: Error: self-signed certificate in certificate chain
    at TLSSocket.onConnectSecure (node:_tls_wrap:1695:34)
    at TLSSocket.emit (node:events:524:28)
    at TLSSocket._finishInit (node:_tls_wrap:1093:8)
    at TLSWrap.ssl.onhandshakedone (node:_tls_wrap:879:12)
    at TLSWrap.callbackTrampoline (node:internal/async_hooks:130:17)
2026-04-23 13:30:02 [ERROR]: Error: Erreur de l'envoi du mail de vérification.
    at sendVerificationEmail (C:\Users\BERIOLE\Desktop\Projet soutenenace\projet\smarthealth\BACKEND\utils\email.js:48:11)
    at processTicksAndRejections (node:internal/process/task_queues:95:5)
    at exports.register (C:\Users\BERIOLE\Desktop\Projet soutenenace\projet\smarthealth\BACKEND\controllers\authController.js:37:5)
2026-04-23 13:30:05 [ERROR]: Error: self-signed certificate in certificate chain
    at TLSSocket.onConnectSecure (node:_tls_wrap:1695:34)
    at TLSSocket.emit (node:events:524:28)
    at TLSSocket._finishInit (node:_tls_wrap:1093:8)
    at TLSWrap.ssl.onhandshakedone (node:_tls_wrap:879:12)
    at TLSWrap.callbackTrampoline (node:internal/async_hooks:130:17)
2026-04-23 13:30:05 [ERROR]: Error: Erreur de l'envoi du mail de vérification.
    at sendVerificationEmail (C:\Users\BERIOLE\Desktop\Projet soutenenace\projet\smarthealth\BACKEND\utils\email.js:48:11)
    at processTicksAndRejections (node:internal/process/task_queues:95:5)
    at exports.register (C:\Users\BERIOLE\Desktop\Projet soutenenace\projet\smarthealth\BACKEND\controllers\authController.js:37:5)
2026-04-23 13:30:09 [ERROR]: Error: self-signed certificate in certificate chain
    at TLSSocket.onConnectSecure (node:_tls_wrap:1695:34)
    at TLSSocket.emit (node:events:524:28)
    at TLSSocket._finishInit (node:_tls_wrap:1093:8)
    at TLSWrap.ssl.onhandshakedone (node:_tls_wrap:879:12)
    at TLSWrap.callbackTrampoline (node:internal/async_hooks:130:17)
2026-04-23 13:30:09 [ERROR]: Error: Erreur de l'envoi du mail de vérification.
    at sendVerificationEmail (C:\Users\BERIOLE\Desktop\Projet soutenenace\projet\smarthealth\BACKEND\utils\email.js:48:11)
    at processTicksAndRejections (node:internal/process/task_queues:95:5)
    at exports.register (C:\Users\BERIOLE\Desktop\Projet soutenenace\projet\smarthealth\BACKEND\controllers\authController.js:37:5)
2026-04-23 17:24:06 [ERROR]: PrismaClientValidationError: 
Invalid `tx.utilisateur.create()` invocation in
C:\Users\BERIOLE\Desktop\Projet soutenenace\projet\smarthealth\BACKEND\services\utilisateurService.js:9:48

  6 async create(userData, roleData = {}) {
  7   return prisma.$transaction(async (tx) => {
  8     // 1. Créer l'utilisateur
→ 9     const utilisateur = await tx.utilisateur.create({
          data: {
            nom: "Pharma",
            prenom: "Doc",
            type_utilisateur: "PHARMACIEN",
            sexe: "M",
            nom_pharmacie: "Pharma Test",
            ~~~~~~~~~~~~~
            numero_autorisation: "AUTH001",
            adresse: "Rue Test",
            latitude: "4.0",
            longitude: "9.7",
            email: "pharma.cmd@test.com",
            telephone: "pharma01",
            mot_de_passe_hash: "$2a$12$BM96lTpSrl2F5OLLVu5U4ui5TwOh9Aeq.q8y/zMIGkm5uQgH7fOQK",
        ?   id_utilisateur?: String,
        ?   date_naissance?: DateTime | Null,
        ?   photo_profil?: String | Null,
        ?   langue_preferee?: Langue,
        ?   statut_compte?: StatutCompte,
        ?   date_creation?: DateTime,
        ?   derniere_connexion?: DateTime | Null,
        ?   patient?: PatientCreateNestedOneWithoutUtilisateurInput,
        ?   professionnel?: ProfessionnelSanteCreateNestedOneWithoutUtilisateurInput,
        ?   pharmacies?: PharmacieCreateNestedManyWithoutResponsableInput,
        ?   tuteurPatients?: PatientCreateNestedManyWithoutTuteurInput,
        ?   accesCarnets?: AccesCarnetCreateNestedManyWithoutAccedantInput
          }
        })

Unknown argument `nom_pharmacie`. Available options are marked with ?.
    at ar (C:\Users\BERIOLE\Desktop\Projet soutenenace\projet\smarthealth\BACKEND\node_modules\@prisma\client\src\runtime\core\errorRendering\throwValidationException.ts:46:9)
    at Gr.throwValidationException [as handleRequestError] (C:\Users\BERIOLE\Desktop\Projet soutenenace\projet\smarthealth\BACKEND\node_modules\@prisma\client\src\runtime\RequestHandler.ts:211:7)
    at Gr.handleAndLogRequestError (C:\Users\BERIOLE\Desktop\Projet soutenenace\projet\smarthealth\BACKEND\node_modules\@prisma\client\src\runtime\RequestHandler.ts:183:12)
    at Gr.request (C:\Users\BERIOLE\Desktop\Projet soutenenace\projet\smarthealth\BACKEND\node_modules\@prisma\client\src\runtime\RequestHandler.ts:152:12)
    at processTicksAndRejections (node:internal/process/task_queues:95:5)
    at a (C:\Users\BERIOLE\Desktop\Projet soutenenace\projet\smarthealth\BACKEND\node_modules\@prisma\client\src\runtime\getPrismaClient.ts:938:24)
    at C:\Users\BERIOLE\Desktop\Projet soutenenace\projet\smarthealth\BACKEND\services\utilisateurService.js:9:27
    at Proxy._transactionWithCallback (C:\Users\BERIOLE\Desktop\Projet soutenenace\projet\smarthealth\BACKEND\node_modules\@prisma\client\src\runtime\getPrismaClient.ts:785:18)
    at exports.register (C:\Users\BERIOLE\Desktop\Projet soutenenace\projet\smarthealth\BACKEND\controllers\authController.js:26:25)
2026-04-23 17:24:09 [ERROR]: Error: self-signed certificate in certificate chain
    at TLSSocket.onConnectSecure (node:_tls_wrap:1695:34)
    at TLSSocket.emit (node:events:524:28)
    at TLSSocket._finishInit (node:_tls_wrap:1093:8)
    at TLSWrap.ssl.onhandshakedone (node:_tls_wrap:879:12)
    at TLSWrap.callbackTrampoline (node:internal/async_hooks:130:17)
2026-04-23 17:24:09 [ERROR]: Error: Erreur de l'envoi du mail de vérification.
    at sendVerificationEmail (C:\Users\BERIOLE\Desktop\Projet soutenenace\projet\smarthealth\BACKEND\utils\email.js:48:11)
    at processTicksAndRejections (node:internal/process/task_queues:95:5)
    at exports.register (C:\Users\BERIOLE\Desktop\Projet soutenenace\projet\smarthealth\BACKEND\controllers\authController.js:37:5)
2026-04-23 17:24:11 [ERROR]: Error: self-signed certificate in certificate chain
    at TLSSocket.onConnectSecure (node:_tls_wrap:1695:34)
    at TLSSocket.emit (node:events:524:28)
    at TLSSocket._finishInit (node:_tls_wrap:1093:8)
    at TLSWrap.ssl.onhandshakedone (node:_tls_wrap:879:12)
    at TLSWrap.callbackTrampoline (node:internal/async_hooks:130:17)
2026-04-23 17:24:11 [ERROR]: Error: Erreur de l'envoi du mail de vérification.
    at sendVerificationEmail (C:\Users\BERIOLE\Desktop\Projet soutenenace\projet\smarthealth\BACKEND\utils\email.js:48:11)
    at processTicksAndRejections (node:internal/process/task_queues:95:5)
    at exports.register (C:\Users\BERIOLE\Desktop\Projet soutenenace\projet\smarthealth\BACKEND\controllers\authController.js:37:5)
2026-04-23 17:24:13 [ERROR]: Error: self-signed certificate in certificate chain
    at TLSSocket.onConnectSecure (node:_tls_wrap:1695:34)
    at TLSSocket.emit (node:events:524:28)
    at TLSSocket._finishInit (node:_tls_wrap:1093:8)
    at TLSWrap.ssl.onhandshakedone (node:_tls_wrap:879:12)
    at TLSWrap.callbackTrampoline (node:internal/async_hooks:130:17)
2026-04-23 17:24:13 [ERROR]: Error: Erreur de l'envoi du mail de vérification.
    at sendVerificationEmail (C:\Users\BERIOLE\Desktop\Projet soutenenace\projet\smarthealth\BACKEND\utils\email.js:48:11)
    at processTicksAndRejections (node:internal/process/task_queues:95:5)
    at exports.register (C:\Users\BERIOLE\Desktop\Projet soutenenace\projet\smarthealth\BACKEND\controllers\authController.js:37:5)
2026-04-23 17:24:16 [ERROR]: Error: self-signed certificate in certificate chain
    at TLSSocket.onConnectSecure (node:_tls_wrap:1695:34)
    at TLSSocket.emit (node:events:524:28)
    at TLSSocket._finishInit (node:_tls_wrap:1093:8)
    at TLSWrap.ssl.onhandshakedone (node:_tls_wrap:879:12)
    at TLSWrap.callbackTrampoline (node:internal/async_hooks:130:17)
2026-04-23 17:24:16 [ERROR]: Error: Erreur de l'envoi du mail de vérification.
    at sendVerificationEmail (C:\Users\BERIOLE\Desktop\Projet soutenenace\projet\smarthealth\BACKEND\utils\email.js:48:11)
    at processTicksAndRejections (node:internal/process/task_queues:95:5)
    at exports.register (C:\Users\BERIOLE\Desktop\Projet soutenenace\projet\smarthealth\BACKEND\controllers\authController.js:37:5)
2026-04-23 17:51:32 [ERROR]: Error: SASL: SCRAM-SERVER-FIRST-MESSAGE: client password must be a string
    at C:\Users\BERIOLE\Desktop\Projet soutenenace\projet\smarthealth\BACKEND\node_modules\pg-pool\index.js:45:11
    at process.processTicksAndRejections (node:internal/process/task_queues:95:5)
    at async PrismaPgAdapter.performIO (C:\Users\BERIOLE\Desktop\Projet soutenenace\projet\smarthealth\BACKEND\node_modules\@prisma\adapter-pg\dist\index.js:654:22)
    at async PrismaPgAdapter.queryRaw (C:\Users\BERIOLE\Desktop\Projet soutenenace\projet\smarthealth\BACKEND\node_modules\@prisma\adapter-pg\dist\index.js:604:30)
    at async e.interpretNode (C:\Users\BERIOLE\Desktop\Projet soutenenace\projet\smarthealth\BACKEND\node_modules\@prisma\client\runtime\client.js:11:44601)
    at async e.interpretNode (C:\Users\BERIOLE\Desktop\Projet soutenenace\projet\smarthealth\BACKEND\node_modules\@prisma\client\runtime\client.js:11:45045)
    at async e.interpretNode (C:\Users\BERIOLE\Desktop\Projet soutenenace\projet\smarthealth\BACKEND\node_modules\@prisma\client\runtime\client.js:11:46265)
    at async e.run (C:\Users\BERIOLE\Desktop\Projet soutenenace\projet\smarthealth\BACKEND\node_modules\@prisma\client\runtime\client.js:11:43315)
    at async e.execute (C:\Users\BERIOLE\Desktop\Projet soutenenace\projet\smarthealth\BACKEND\node_modules\@prisma\client\runtime\client.js:57:815)
    at async jt.request (C:\Users\BERIOLE\Desktop\Projet soutenenace\projet\smarthealth\BACKEND\node_modules\@prisma\client\runtime\client.js:58:2399)
2026-04-23 18:01:44 [ERROR]: Error: SASL: SCRAM-SERVER-FIRST-MESSAGE: client password must be a string
    at C:\Users\BERIOLE\Desktop\Projet soutenenace\projet\smarthealth\BACKEND\node_modules\pg-pool\index.js:45:11
    at process.processTicksAndRejections (node:internal/process/task_queues:95:5)
    at async PrismaPgAdapter.performIO (C:\Users\BERIOLE\Desktop\Projet soutenenace\projet\smarthealth\BACKEND\node_modules\@prisma\adapter-pg\dist\index.js:654:22)
    at async PrismaPgAdapter.queryRaw (C:\Users\BERIOLE\Desktop\Projet soutenenace\projet\smarthealth\BACKEND\node_modules\@prisma\adapter-pg\dist\index.js:604:30)
    at async e.interpretNode (C:\Users\BERIOLE\Desktop\Projet soutenenace\projet\smarthealth\BACKEND\node_modules\@prisma\client\runtime\client.js:11:44601)
    at async e.interpretNode (C:\Users\BERIOLE\Desktop\Projet soutenenace\projet\smarthealth\BACKEND\node_modules\@prisma\client\runtime\client.js:11:45045)
    at async e.interpretNode (C:\Users\BERIOLE\Desktop\Projet soutenenace\projet\smarthealth\BACKEND\node_modules\@prisma\client\runtime\client.js:11:46265)
    at async e.run (C:\Users\BERIOLE\Desktop\Projet soutenenace\projet\smarthealth\BACKEND\node_modules\@prisma\client\runtime\client.js:11:43315)
    at async e.execute (C:\Users\BERIOLE\Desktop\Projet soutenenace\projet\smarthealth\BACKEND\node_modules\@prisma\client\runtime\client.js:57:815)
    at async jt.request (C:\Users\BERIOLE\Desktop\Projet soutenenace\projet\smarthealth\BACKEND\node_modules\@prisma\client\runtime\client.js:58:2399)
2026-04-23 18:06:06 [ERROR]: Error: self-signed certificate in certificate chain
    at TLSSocket.onConnectSecure (node:_tls_wrap:1695:34)
    at TLSSocket.emit (node:events:524:28)
    at TLSSocket._finishInit (node:_tls_wrap:1093:8)
    at ssl.onhandshakedone (node:_tls_wrap:879:12)
2026-04-23 18:06:06 [ERROR]: Error: Erreur de l'envoi du mail de vérification.
    at sendVerificationEmail (C:\Users\BERIOLE\Desktop\Projet soutenenace\projet\smarthealth\BACKEND\utils\email.js:48:11)
    at process.processTicksAndRejections (node:internal/process/task_queues:95:5)
    at async exports.register (C:\Users\BERIOLE\Desktop\Projet soutenenace\projet\smarthealth\BACKEND\controllers\authController.js:37:5)
2026-04-23 18:08:26 [ERROR]: Error: self-signed certificate in certificate chain
    at TLSSocket.onConnectSecure (node:_tls_wrap:1695:34)
    at TLSSocket.emit (node:events:524:28)
    at TLSSocket._finishInit (node:_tls_wrap:1093:8)
    at TLSWrap.ssl.onhandshakedone (node:_tls_wrap:879:12)
    at TLSWrap.callbackTrampoline (node:internal/async_hooks:130:17)
2026-04-23 18:08:26 [ERROR]: Error: Erreur de l'envoi du mail de vérification.
    at sendVerificationEmail (C:\Users\BERIOLE\Desktop\Projet soutenenace\projet\smarthealth\BACKEND\utils\email.js:48:11)
    at processTicksAndRejections (node:internal/process/task_queues:95:5)
    at exports.register (C:\Users\BERIOLE\Desktop\Projet soutenenace\projet\smarthealth\BACKEND\controllers\authController.js:37:5)
2026-04-23 18:08:32 [ERROR]: PrismaClientValidationError: 
Invalid `tx.utilisateur.create()` invocation in
C:\Users\BERIOLE\Desktop\Projet soutenenace\projet\smarthealth\BACKEND\services\utilisateurService.js:9:48

  6 async create(userData, roleData = {}) {
  7   return prisma.$transaction(async (tx) => {
  8     // 1. Créer l'utilisateur
→ 9     const utilisateur = await tx.utilisateur.create({
          data: {
            nom: "Pharma",
            prenom: "Doc",
            type_utilisateur: "PHARMACIEN",
            sexe: "M",
            nom_pharmacie: "Pharma Test",
            ~~~~~~~~~~~~~
            numero_autorisation: "AUTH001",
            adresse: "Rue Test",
            latitude: "4.0",
            longitude: "9.7",
            email: "berioletsague@gmail.com",
            telephone: "pharma01",
            mot_de_passe_hash: "$2a$12$HQNJ6eJAa0mInvd01gvTB.Sj6XQqZAxkLq1KaqrhffpvdiFy3QKIW",
        ?   id_utilisateur?: String,
        ?   date_naissance?: DateTime | Null,
        ?   photo_profil?: String | Null,
        ?   langue_preferee?: Langue,
        ?   statut_compte?: StatutCompte,
        ?   date_creation?: DateTime,
        ?   derniere_connexion?: DateTime | Null,
        ?   patient?: PatientCreateNestedOneWithoutUtilisateurInput,
        ?   professionnel?: ProfessionnelSanteCreateNestedOneWithoutUtilisateurInput,
        ?   pharmacies?: PharmacieCreateNestedManyWithoutResponsableInput,
        ?   tuteurPatients?: PatientCreateNestedManyWithoutTuteurInput,
        ?   accesCarnets?: AccesCarnetCreateNestedManyWithoutAccedantInput
          }
        })

Unknown argument `nom_pharmacie`. Available options are marked with ?.
    at ar (C:\Users\BERIOLE\Desktop\Projet soutenenace\projet\smarthealth\BACKEND\node_modules\@prisma\client\src\runtime\core\errorRendering\throwValidationException.ts:46:9)
    at Gr.throwValidationException [as handleRequestError] (C:\Users\BERIOLE\Desktop\Projet soutenenace\projet\smarthealth\BACKEND\node_modules\@prisma\client\src\runtime\RequestHandler.ts:211:7)
    at Gr.handleAndLogRequestError (C:\Users\BERIOLE\Desktop\Projet soutenenace\projet\smarthealth\BACKEND\node_modules\@prisma\client\src\runtime\RequestHandler.ts:183:12)
    at Gr.request (C:\Users\BERIOLE\Desktop\Projet soutenenace\projet\smarthealth\BACKEND\node_modules\@prisma\client\src\runtime\RequestHandler.ts:152:12)
    at processTicksAndRejections (node:internal/process/task_queues:95:5)
    at a (C:\Users\BERIOLE\Desktop\Projet soutenenace\projet\smarthealth\BACKEND\node_modules\@prisma\client\src\runtime\getPrismaClient.ts:938:24)
    at C:\Users\BERIOLE\Desktop\Projet soutenenace\projet\smarthealth\BACKEND\services\utilisateurService.js:9:27
    at Proxy._transactionWithCallback (C:\Users\BERIOLE\Desktop\Projet soutenenace\projet\smarthealth\BACKEND\node_modules\@prisma\client\src\runtime\getPrismaClient.ts:785:18)
    at exports.register (C:\Users\BERIOLE\Desktop\Projet soutenenace\projet\smarthealth\BACKEND\controllers\authController.js:26:25)
2026-04-23 18:08:36 [ERROR]: Error: self-signed certificate in certificate chain
    at TLSSocket.onConnectSecure (node:_tls_wrap:1695:34)
    at TLSSocket.emit (node:events:524:28)
    at TLSSocket._finishInit (node:_tls_wrap:1093:8)
    at TLSWrap.ssl.onhandshakedone (node:_tls_wrap:879:12)
    at TLSWrap.callbackTrampoline (node:internal/async_hooks:130:17)
2026-04-23 18:08:36 [ERROR]: Error: Erreur de l'envoi du mail de vérification.
    at sendVerificationEmail (C:\Users\BERIOLE\Desktop\Projet soutenenace\projet\smarthealth\BACKEND\utils\email.js:48:11)
    at processTicksAndRejections (node:internal/process/task_queues:95:5)
    at exports.register (C:\Users\BERIOLE\Desktop\Projet soutenenace\projet\smarthealth\BACKEND\controllers\authController.js:37:5)
2026-04-23 18:08:38 [ERROR]: Error: self-signed certificate in certificate chain
    at TLSSocket.onConnectSecure (node:_tls_wrap:1695:34)
    at TLSSocket.emit (node:events:524:28)
    at TLSSocket._finishInit (node:_tls_wrap:1093:8)
    at TLSWrap.ssl.onhandshakedone (node:_tls_wrap:879:12)
    at TLSWrap.callbackTrampoline (node:internal/async_hooks:130:17)
2026-04-23 18:08:38 [ERROR]: Error: Erreur de l'envoi du mail de vérification.
    at sendVerificationEmail (C:\Users\BERIOLE\Desktop\Projet soutenenace\projet\smarthealth\BACKEND\utils\email.js:48:11)
    at processTicksAndRejections (node:internal/process/task_queues:95:5)
    at exports.register (C:\Users\BERIOLE\Desktop\Projet soutenenace\projet\smarthealth\BACKEND\controllers\authController.js:37:5)
2026-04-23 18:08:41 [ERROR]: Error: self-signed certificate in certificate chain
    at TLSSocket.onConnectSecure (node:_tls_wrap:1695:34)
    at TLSSocket.emit (node:events:524:28)
    at TLSSocket._finishInit (node:_tls_wrap:1093:8)
    at TLSWrap.ssl.onhandshakedone (node:_tls_wrap:879:12)
    at TLSWrap.callbackTrampoline (node:internal/async_hooks:130:17)
2026-04-23 18:08:41 [ERROR]: Error: Erreur de l'envoi du mail de vérification.
    at sendVerificationEmail (C:\Users\BERIOLE\Desktop\Projet soutenenace\projet\smarthealth\BACKEND\utils\email.js:48:11)
    at processTicksAndRejections (node:internal/process/task_queues:95:5)
    at exports.register (C:\Users\BERIOLE\Desktop\Projet soutenenace\projet\smarthealth\BACKEND\controllers\authController.js:37:5)
2026-04-23 18:10:34 [ERROR]: Error: self-signed certificate in certificate chain
    at TLSSocket.onConnectSecure (node:_tls_wrap:1695:34)
    at TLSSocket.emit (node:events:524:28)
    at TLSSocket._finishInit (node:_tls_wrap:1093:8)
    at TLSWrap.ssl.onhandshakedone (node:_tls_wrap:879:12)
    at TLSWrap.callbackTrampoline (node:internal/async_hooks:130:17)
2026-04-23 18:10:34 [ERROR]: Error: Erreur de l'envoi du mail de vérification.
    at sendVerificationEmail (C:\Users\BERIOLE\Desktop\Projet soutenenace\projet\smarthealth\BACKEND\utils\email.js:48:11)
    at processTicksAndRejections (node:internal/process/task_queues:95:5)
    at exports.register (C:\Users\BERIOLE\Desktop\Projet soutenenace\projet\smarthealth\BACKEND\controllers\authController.js:37:5)
2026-04-23 18:21:29 [ERROR]: Erreur lors de l'envoi de l'email de vérification à angelleg888@gmail.com: self-signed certificate in certificate chain
2026-04-23 18:21:29 [ERROR]: Error: Erreur email: self-signed certificate in certificate chain
    at sendVerificationEmail (C:\Users\BERIOLE\Desktop\Projet soutenenace\projet\smarthealth\BACKEND\utils\email.js:49:11)
    at process.processTicksAndRejections (node:internal/process/task_queues:95:5)
    at async exports.register (C:\Users\BERIOLE\Desktop\Projet soutenenace\projet\smarthealth\BACKEND\controllers\authController.js:37:5)
2026-04-23 18:24:21 [ERROR]: PrismaClientValidationError: 
Invalid `tx.utilisateur.create()` invocation in
C:\Users\BERIOLE\Desktop\Projet soutenenace\projet\smarthealth\BACKEND\services\utilisateurService.js:9:48

  6 async create(userData, roleData = {}) {
  7   return prisma.$transaction(async (tx) => {
  8     // 1. Créer l'utilisateur
→ 9     const utilisateur = await tx.utilisateur.create({
          data: {
            nom: "Pharma",
            prenom: "Doc",
            type_utilisateur: "PHARMACIEN",
            sexe: "M",
            nom_pharmacie: "Pharma Test",
            ~~~~~~~~~~~~~
            numero_autorisation: "AUTH001",
            adresse: "Rue Test",
            latitude: "4.0",
            longitude: "9.7",
            email: "berioletsague@gmail.com",
            telephone: "pharma01",
            mot_de_passe_hash: "$2a$12$FDFi9bV5Er7BOMLRc9tBHehyGyPPw.diuo5gMnpgnHvAnqk/Jzzw2",
        ?   id_utilisateur?: String,
        ?   date_naissance?: DateTime | Null,
        ?   photo_profil?: String | Null,
        ?   langue_preferee?: Langue,
        ?   statut_compte?: StatutCompte,
        ?   date_creation?: DateTime,
        ?   derniere_connexion?: DateTime | Null,
        ?   patient?: PatientCreateNestedOneWithoutUtilisateurInput,
        ?   professionnel?: ProfessionnelSanteCreateNestedOneWithoutUtilisateurInput,
        ?   pharmacies?: PharmacieCreateNestedManyWithoutResponsableInput,
        ?   tuteurPatients?: PatientCreateNestedManyWithoutTuteurInput,
        ?   accesCarnets?: AccesCarnetCreateNestedManyWithoutAccedantInput
          }
        })

Unknown argument `nom_pharmacie`. Available options are marked with ?.
    at ar (C:\Users\BERIOLE\Desktop\Projet soutenenace\projet\smarthealth\BACKEND\node_modules\@prisma\client\src\runtime\core\errorRendering\throwValidationException.ts:46:9)
    at Gr.throwValidationException [as handleRequestError] (C:\Users\BERIOLE\Desktop\Projet soutenenace\projet\smarthealth\BACKEND\node_modules\@prisma\client\src\runtime\RequestHandler.ts:211:7)
    at Gr.handleAndLogRequestError (C:\Users\BERIOLE\Desktop\Projet soutenenace\projet\smarthealth\BACKEND\node_modules\@prisma\client\src\runtime\RequestHandler.ts:183:12)
    at Gr.request (C:\Users\BERIOLE\Desktop\Projet soutenenace\projet\smarthealth\BACKEND\node_modules\@prisma\client\src\runtime\RequestHandler.ts:152:12)
    at processTicksAndRejections (node:internal/process/task_queues:95:5)
    at a (C:\Users\BERIOLE\Desktop\Projet soutenenace\projet\smarthealth\BACKEND\node_modules\@prisma\client\src\runtime\getPrismaClient.ts:938:24)
    at C:\Users\BERIOLE\Desktop\Projet soutenenace\projet\smarthealth\BACKEND\services\utilisateurService.js:9:27
    at Proxy._transactionWithCallback (C:\Users\BERIOLE\Desktop\Projet soutenenace\projet\smarthealth\BACKEND\node_modules\@prisma\client\src\runtime\getPrismaClient.ts:785:18)
    at exports.register (C:\Users\BERIOLE\Desktop\Projet soutenenace\projet\smarthealth\BACKEND\controllers\authController.js:26:25)
2026-04-23 18:28:33 [ERROR]: PrismaClientValidationError: 
Invalid `prisma.utilisateur.update()` invocation in
C:\Users\BERIOLE\Desktop\Projet soutenenace\projet\smarthealth\BACKEND\services\utilisateurService.js:62:31

  59 }
  60 
  61 async update(id, data) {
→ 62   return prisma.utilisateur.update({
         where: {
           id_utilisateur: "b129158d-a5e8-4e2a-a73a-3dfad2b4cc49"
         },
         data: {
           email_verifie: new Date("2026-04-23T17:28:33.833Z"),
           ~~~~~~~~~~~~~
       ?   id_utilisateur?: String | StringFieldUpdateOperationsInput,
       ?   nom?: String | StringFieldUpdateOperationsInput,
       ?   prenom?: String | StringFieldUpdateOperationsInput,
       ?   email?: String | StringFieldUpdateOperationsInput,
       ?   telephone?: String | StringFieldUpdateOperationsInput,
       ?   mot_de_passe_hash?: String | StringFieldUpdateOperationsInput,
       ?   type_utilisateur?: TypeUtilisateur | EnumTypeUtilisateurFieldUpdateOperationsInput,
       ?   date_naissance?: DateTime | NullableDateTimeFieldUpdateOperationsInput | Null,
       ?   sexe?: Sexe | EnumSexeFieldUpdateOperationsInput,
       ?   photo_profil?: String | NullableStringFieldUpdateOperationsInput | Null,
       ?   latitude?: Float | NullableFloatFieldUpdateOperationsInput | Null,
       ?   longitude?: Float | NullableFloatFieldUpdateOperationsInput | Null,
       ?   langue_preferee?: Langue | EnumLangueFieldUpdateOperationsInput,
       ?   statut_compte?: StatutCompte | EnumStatutCompteFieldUpdateOperationsInput,
       ?   date_creation?: DateTime | DateTimeFieldUpdateOperationsInput,
       ?   derniere_connexion?: DateTime | NullableDateTimeFieldUpdateOperationsInput | Null,
       ?   patient?: PatientUpdateOneWithoutUtilisateurNestedInput,
       ?   professionnel?: ProfessionnelSanteUpdateOneWithoutUtilisateurNestedInput,
       ?   pharmacies?: PharmacieUpdateManyWithoutResponsableNestedInput,
       ?   tuteurPatients?: PatientUpdateManyWithoutTuteurNestedInput,
       ?   accesCarnets?: AccesCarnetUpdateManyWithoutAccedantNestedInput
         }
       })

Unknown argument `email_verifie`. Available options are marked with ?.
    at ar (C:\Users\BERIOLE\Desktop\Projet soutenenace\projet\smarthealth\BACKEND\node_modules\@prisma\client\runtime\client.js:10:1374)
    at Gr.handleRequestError (C:\Users\BERIOLE\Desktop\Projet soutenenace\projet\smarthealth\BACKEND\node_modules\@prisma\client\runtime\client.js:65:7929)
    at Gr.handleAndLogRequestError (C:\Users\BERIOLE\Desktop\Projet soutenenace\projet\smarthealth\BACKEND\node_modules\@prisma\client\runtime\client.js:65:7581)
    at Gr.request (C:\Users\BERIOLE\Desktop\Projet soutenenace\projet\smarthealth\BACKEND\node_modules\@prisma\client\runtime\client.js:65:7288)
    at process.processTicksAndRejections (node:internal/process/task_queues:95:5)
    at async a (C:\Users\BERIOLE\Desktop\Projet soutenenace\projet\smarthealth\BACKEND\node_modules\@prisma\client\runtime\client.js:75:6730)
    at async exports.verifyEmail (C:\Users\BERIOLE\Desktop\Projet soutenenace\projet\smarthealth\BACKEND\controllers\authController.js:70:5)
2026-04-23 22:28:22 [ERROR]: PrismaClientValidationError: 
Invalid `tx.utilisateur.create()` invocation in
C:\Users\BERIOLE\Desktop\Projet soutenenace\projet\smarthealth\BACKEND\services\utilisateurService.js:9:48

  6 async create(userData, roleData = {}) {
  7   return prisma.$transaction(async (tx) => {
  8     // 1. Créer l'utilisateur
→ 9     const utilisateur = await tx.utilisateur.create({
          data: {
            nom: "Dupont",
            prenom: "Jean",
            type_utilisateur: "PATIENT",
            sexe: "M",
            date_naissance: "1990-01-01",
                            ~~~~~~~~~~~~
            email: "vickymora871@gmail.com",
            telephone: "+237600000001",
            mot_de_passe_hash: "$2a$12$OwFJseXuVQ/cng8F4Q2Zl./7g/C0wxKw3XE1E5R8JPBCBlpwGRxRa"
          }
        })

Invalid value for argument `date_naissance`: premature end of input. Expected ISO-8601 DateTime.
    at ar (C:\Users\BERIOLE\Desktop\Projet soutenenace\projet\smarthealth\BACKEND\node_modules\@prisma\client\runtime\client.js:10:1374)
    at Gr.handleRequestError (C:\Users\BERIOLE\Desktop\Projet soutenenace\projet\smarthealth\BACKEND\node_modules\@prisma\client\runtime\client.js:65:7929)
    at Gr.handleAndLogRequestError (C:\Users\BERIOLE\Desktop\Projet soutenenace\projet\smarthealth\BACKEND\node_modules\@prisma\client\runtime\client.js:65:7581)
    at Gr.request (C:\Users\BERIOLE\Desktop\Projet soutenenace\projet\smarthealth\BACKEND\node_modules\@prisma\client\runtime\client.js:65:7288)
    at process.processTicksAndRejections (node:internal/process/task_queues:95:5)
    at async a (C:\Users\BERIOLE\Desktop\Projet soutenenace\projet\smarthealth\BACKEND\node_modules\@prisma\client\runtime\client.js:75:6730)
    at async C:\Users\BERIOLE\Desktop\Projet soutenenace\projet\smarthealth\BACKEND\services\utilisateurService.js:9:27
    at async Proxy._transactionWithCallback (C:\Users\BERIOLE\Desktop\Projet soutenenace\projet\smarthealth\BACKEND\node_modules\@prisma\client\runtime\client.js:75:4668)
    at async exports.register (C:\Users\BERIOLE\Desktop\Projet soutenenace\projet\smarthealth\BACKEND\controllers\authController.js:26:25)
2026-04-23 22:55:38 [ERROR]: Error: ENOENT: no such file or directory, open 'C:\Users\BERIOLE\Desktop\Projet soutenenace\projet\smarthealth\uploads\9edc2180-edfb-4ab5-ad44-52396aa96fe1.jpg'
2026-04-23 23:03:04 [ERROR]: PrismaClientValidationError: 
Invalid `prisma.patient.findUnique()` invocation in
C:\Users\BERIOLE\Desktop\Projet soutenenace\projet\smarthealth\BACKEND\services\patientService.js:9:27

  6 }
  7 
  8 async findById(id) {
→ 9   return prisma.patient.findUnique({
        where: {
          id_patient: "104ad009-0df6-42a9-9384-818ad19fe8d0"
        },
        include: {
          utilisateur: true,
          carnet: true,
          tuteur: {
            include: {
              utilisateur: true,
              ~~~~~~~~~~~
      ?       patient?: true,
      ?       professionnel?: true,
      ?       pharmacies?: true,
      ?       tuteurPatients?: true,
      ?       accesCarnets?: true
            }
          }
        }
      })

Unknown field `utilisateur` for include statement on model `Utilisateur`. Available options are marked with ?.
    at ar (C:\Users\BERIOLE\Desktop\Projet soutenenace\projet\smarthealth\BACKEND\node_modules\@prisma\client\runtime\client.js:10:1374)
    at Gr.handleRequestError (C:\Users\BERIOLE\Desktop\Projet soutenenace\projet\smarthealth\BACKEND\node_modules\@prisma\client\runtime\client.js:65:7929)
    at Gr.handleAndLogRequestError (C:\Users\BERIOLE\Desktop\Projet soutenenace\projet\smarthealth\BACKEND\node_modules\@prisma\client\runtime\client.js:65:7581)
    at Gr.request (C:\Users\BERIOLE\Desktop\Projet soutenenace\projet\smarthealth\BACKEND\node_modules\@prisma\client\runtime\client.js:65:7288)
    at process.processTicksAndRejections (node:internal/process/task_queues:95:5)
    at async a (C:\Users\BERIOLE\Desktop\Projet soutenenace\projet\smarthealth\BACKEND\node_modules\@prisma\client\runtime\client.js:75:6730)
    at async exports.getById (C:\Users\BERIOLE\Desktop\Projet soutenenace\projet\smarthealth\BACKEND\controllers\patientController.js:17:21)
2026-04-24 10:32:51 [ERROR]: Error: Type de fichier non autorisé
    at fileFilter (C:\Users\BERIOLE\Desktop\Projet soutenenace\projet\smarthealth\BACKEND\middleware\upload.js:20:8)
    at wrappedFileFilter (C:\Users\BERIOLE\Desktop\Projet soutenenace\projet\smarthealth\BACKEND\node_modules\multer\index.js:44:7)
    at Multipart.<anonymous> (C:\Users\BERIOLE\Desktop\Projet soutenenace\projet\smarthealth\BACKEND\node_modules\multer\lib\make-middleware.js:109:7)
    at Multipart.emit (node:events:524:28)
    at HeaderParser.cb (C:\Users\BERIOLE\Desktop\Projet soutenenace\projet\smarthealth\BACKEND\node_modules\busboy\lib\types\multipart.js:358:14)
    at HeaderParser.push (C:\Users\BERIOLE\Desktop\Projet soutenenace\projet\smarthealth\BACKEND\node_modules\busboy\lib\types\multipart.js:162:20)
    at SBMH.ssCb [as _cb] (C:\Users\BERIOLE\Desktop\Projet soutenenace\projet\smarthealth\BACKEND\node_modules\busboy\lib\types\multipart.js:394:37)
    at feed (C:\Users\BERIOLE\Desktop\Projet soutenenace\projet\smarthealth\BACKEND\node_modules\streamsearch\lib\sbmh.js:248:10)
    at SBMH.push (C:\Users\BERIOLE\Desktop\Projet soutenenace\projet\smarthealth\BACKEND\node_modules\streamsearch\lib\sbmh.js:104:16)
    at Multipart._write (C:\Users\BERIOLE\Desktop\Projet soutenenace\projet\smarthealth\BACKEND\node_modules\busboy\lib\types\multipart.js:567:19)
2026-04-24 10:50:13 [ERROR]: PrismaClientValidationError: 
Invalid `prisma.medicament.update()` invocation in
C:\Users\BERIOLE\Desktop\Projet soutenenace\projet\smarthealth\BACKEND\controllers\medicamentController.js:80:48

  77   data.image_url = `/uploads/${req.file.filename}`;
  78 }
  79 
→ 80 const medicament = await prisma.medicament.update({
       where: {
         id_medicament: "3f2c8e4f-3576-4e11-9917-4c67cf968cc0"
       },
       data: {
         nom_commercial: "Doliprane",
         dci: "Paracétamol",
         forme_galenique: "cirop ",
                          ~~~~~~~~
         dosage: "100mg",
         categorie: "antalgique",
         est_generique: false,
         necessite_ordonnance: false,
         prix_indicatif_fcfa: 1500
       }
     })

Invalid value for argument `forme_galenique`. Expected FormeGalenique.
    at ar (C:\Users\BERIOLE\Desktop\Projet soutenenace\projet\smarthealth\BACKEND\node_modules\@prisma\client\runtime\client.js:10:1374)
    at Gr.handleRequestError (C:\Users\BERIOLE\Desktop\Projet soutenenace\projet\smarthealth\BACKEND\node_modules\@prisma\client\runtime\client.js:65:7929)
    at Gr.handleAndLogRequestError (C:\Users\BERIOLE\Desktop\Projet soutenenace\projet\smarthealth\BACKEND\node_modules\@prisma\client\runtime\client.js:65:7581)
    at Gr.request (C:\Users\BERIOLE\Desktop\Projet soutenenace\projet\smarthealth\BACKEND\node_modules\@prisma\client\runtime\client.js:65:7288)
    at process.processTicksAndRejections (node:internal/process/task_queues:95:5)
    at async a (C:\Users\BERIOLE\Desktop\Projet soutenenace\projet\smarthealth\BACKEND\node_modules\@prisma\client\runtime\client.js:75:6730)
    at async exports.update (C:\Users\BERIOLE\Desktop\Projet soutenenace\projet\smarthealth\BACKEND\controllers\medicamentController.js:80:24)
2026-04-24 10:54:08 [ERROR]: PrismaClientValidationError: 
Invalid `prisma.medicament.update()` invocation in
C:\Users\BERIOLE\Desktop\Projet soutenenace\projet\smarthealth\BACKEND\controllers\medicamentController.js:80:48

  77   data.image_url = `/uploads/${req.file.filename}`;
  78 }
  79 
→ 80 const medicament = await prisma.medicament.update({
       where: {
         id_medicament: "3f2c8e4f-3576-4e11-9917-4c67cf968cc0"
       },
       data: {
         nom_commercial: "Doliprane",
         dci: "Paracétamol",
         forme_galenique: "SIROP",
                          ~~~~~~~
         dosage: "100mg",
         categorie: "antalgique",
         est_generique: false,
         necessite_ordonnance: false,
         prix_indicatif_fcfa: 1500
       }
     })

Invalid value for argument `forme_galenique`. Expected FormeGalenique.
    at ar (C:\Users\BERIOLE\Desktop\Projet soutenenace\projet\smarthealth\BACKEND\node_modules\@prisma\client\runtime\client.js:10:1374)
    at Gr.handleRequestError (C:\Users\BERIOLE\Desktop\Projet soutenenace\projet\smarthealth\BACKEND\node_modules\@prisma\client\runtime\client.js:65:7929)
    at Gr.handleAndLogRequestError (C:\Users\BERIOLE\Desktop\Projet soutenenace\projet\smarthealth\BACKEND\node_modules\@prisma\client\runtime\client.js:65:7581)
    at Gr.request (C:\Users\BERIOLE\Desktop\Projet soutenenace\projet\smarthealth\BACKEND\node_modules\@prisma\client\runtime\client.js:65:7288)
    at process.processTicksAndRejections (node:internal/process/task_queues:95:5)
    at async a (C:\Users\BERIOLE\Desktop\Projet soutenenace\projet\smarthealth\BACKEND\node_modules\@prisma\client\runtime\client.js:75:6730)
    at async exports.update (C:\Users\BERIOLE\Desktop\Projet soutenenace\projet\smarthealth\BACKEND\controllers\medicamentController.js:80:24)
2026-04-24 11:14:21 [ERROR]: PrismaClientKnownRequestError: 
Invalid `prisma.stockPharmacie.create()` invocation in
C:\Users\BERIOLE\Desktop\Projet soutenenace\projet\smarthealth\BACKEND\controllers\stockController.js:94:47

  91 
  92 if (!id_pharmacie) throw new ForbiddenError('ID Pharmacie requis');
  93 
→ 94 const stock = await prisma.stockPharmacie.create(
Foreign key constraint violated on the constraint: `stock_pharmacie_id_medicament_fkey`
    at Gr.handleRequestError (C:\Users\BERIOLE\Desktop\Projet soutenenace\projet\smarthealth\BACKEND\node_modules\@prisma\client\runtime\client.js:65:8286)
    at Gr.handleAndLogRequestError (C:\Users\BERIOLE\Desktop\Projet soutenenace\projet\smarthealth\BACKEND\node_modules\@prisma\client\runtime\client.js:65:7581)
    at Gr.request (C:\Users\BERIOLE\Desktop\Projet soutenenace\projet\smarthealth\BACKEND\node_modules\@prisma\client\runtime\client.js:65:7288)
    at process.processTicksAndRejections (node:internal/process/task_queues:95:5)
    at async a (C:\Users\BERIOLE\Desktop\Projet soutenenace\projet\smarthealth\BACKEND\node_modules\@prisma\client\runtime\client.js:75:6730)
    at async exports.createStock (C:\Users\BERIOLE\Desktop\Projet soutenenace\projet\smarthealth\BACKEND\controllers\stockController.js:94:19)
2026-04-24 15:50:07 [ERROR]: PrismaClientValidationError: 
Invalid `prisma.consultation.update()` invocation in
C:\Users\BERIOLE\Desktop\Projet soutenenace\projet\smarthealth\BACKEND\controllers\consultationController.js:85:52

  82 
  83 exports.update = async (req, res, next) => {
  84   try {
→ 85     const consultation = await prisma.consultation.update({
           where: {
             id_consultation: "e04f1b3a-df07-4c0f-b6ee-596ff3f019f1"
           },
         + data: ConsultationUpdateInput | ConsultationUncheckedUpdateInput
         })

Argument `data` is missing.
    at ar (C:\Users\BERIOLE\Desktop\Projet soutenenace\projet\smarthealth\BACKEND\node_modules\@prisma\client\runtime\client.js:10:1374)
    at Gr.handleRequestError (C:\Users\BERIOLE\Desktop\Projet soutenenace\projet\smarthealth\BACKEND\node_modules\@prisma\client\runtime\client.js:65:7929)
    at Gr.handleAndLogRequestError (C:\Users\BERIOLE\Desktop\Projet soutenenace\projet\smarthealth\BACKEND\node_modules\@prisma\client\runtime\client.js:65:7581)
    at Gr.request (C:\Users\BERIOLE\Desktop\Projet soutenenace\projet\smarthealth\BACKEND\node_modules\@prisma\client\runtime\client.js:65:7288)
    at async a (C:\Users\BERIOLE\Desktop\Projet soutenenace\projet\smarthealth\BACKEND\node_modules\@prisma\client\runtime\client.js:75:6730)
    at async exports.update (C:\Users\BERIOLE\Desktop\Projet soutenenace\projet\smarthealth\BACKEND\controllers\consultationController.js:85:26)
2026-04-25 07:27:00 [ERROR]: PrismaClientValidationError: 
Invalid `tx.utilisateur.create()` invocation in
C:\Users\BERIOLE\Desktop\Projet soutenenace\projet\smarthealth\BACKEND\services\utilisateurService.js:9:48

  6 async create(userData, roleData = {}) {
  7   return prisma.$transaction(async (tx) => {
  8     // 1. Créer l'utilisateur
→ 9     const utilisateur = await tx.utilisateur.create({
          data: {
            nom: "Pharma",
            prenom: "Doc",
            type_utilisateur: "PHARMACIEN",
            sexe: "M",
            nom_pharmacie: "Pharma Test",
            ~~~~~~~~~~~~~
            numero_autorisation: "AUTH001",
            adresse: "Rue Test",
            latitude: "4.0",
            longitude: "9.7",
            email: "berioletsague@gmail.com",
            telephone: "pharma01",
            mot_de_passe_hash: "$2a$12$LUCtnx5gf1qrUeuAX3ipGOVwej1VHae3TfnI4HPxuHg3B5KzjMp3q",
        ?   id_utilisateur?: String,
        ?   date_naissance?: DateTime | Null,
        ?   photo_profil?: String | Null,
        ?   langue_preferee?: Langue,
        ?   statut_compte?: StatutCompte,
        ?   date_creation?: DateTime,
        ?   derniere_connexion?: DateTime | Null,
        ?   email_verifie?: DateTime | Null,
        ?   patient?: PatientCreateNestedOneWithoutUtilisateurInput,
        ?   professionnel?: ProfessionnelSanteCreateNestedOneWithoutUtilisateurInput,
        ?   pharmacies?: PharmacieCreateNestedManyWithoutResponsableInput,
        ?   tuteurPatients?: PatientCreateNestedManyWithoutTuteurInput,
        ?   accesCarnets?: AccesCarnetCreateNestedManyWithoutAccedantInput
          }
        })

Unknown argument `nom_pharmacie`. Available options are marked with ?.
    at ar (C:\Users\BERIOLE\Desktop\Projet soutenenace\projet\smarthealth\BACKEND\node_modules\@prisma\client\src\runtime\core\errorRendering\throwValidationException.ts:46:9)
    at Gr.throwValidationException [as handleRequestError] (C:\Users\BERIOLE\Desktop\Projet soutenenace\projet\smarthealth\BACKEND\node_modules\@prisma\client\src\runtime\RequestHandler.ts:211:7)
    at Gr.handleAndLogRequestError (C:\Users\BERIOLE\Desktop\Projet soutenenace\projet\smarthealth\BACKEND\node_modules\@prisma\client\src\runtime\RequestHandler.ts:183:12)
    at Gr.request (C:\Users\BERIOLE\Desktop\Projet soutenenace\projet\smarthealth\BACKEND\node_modules\@prisma\client\src\runtime\RequestHandler.ts:152:12)
    at processTicksAndRejections (node:internal/process/task_queues:95:5)
    at a (C:\Users\BERIOLE\Desktop\Projet soutenenace\projet\smarthealth\BACKEND\node_modules\@prisma\client\src\runtime\getPrismaClient.ts:938:24)
    at C:\Users\BERIOLE\Desktop\Projet soutenenace\projet\smarthealth\BACKEND\services\utilisateurService.js:9:27
    at Proxy._transactionWithCallback (C:\Users\BERIOLE\Desktop\Projet soutenenace\projet\smarthealth\BACKEND\node_modules\@prisma\client\src\runtime\getPrismaClient.ts:785:18)
    at exports.register (C:\Users\BERIOLE\Desktop\Projet soutenenace\projet\smarthealth\BACKEND\controllers\authController.js:30:25)
2026-04-25 07:27:53 [ERROR]: PrismaClientValidationError: 
Invalid `tx.utilisateur.create()` invocation in
C:\Users\BERIOLE\Desktop\Projet soutenenace\projet\smarthealth\BACKEND\services\utilisateurService.js:9:48

  6 async create(userData, roleData = {}) {
  7   return prisma.$transaction(async (tx) => {
  8     // 1. Créer l'utilisateur
→ 9     const utilisateur = await tx.utilisateur.create({
          data: {
            nom: "Pharma",
            prenom: "Doc",
            type_utilisateur: "PHARMACIEN",
            sexe: "M",
            nom_pharmacie: "Pharma Test",
            ~~~~~~~~~~~~~
            numero_autorisation: "AUTH001",
            adresse: "Rue Test",
            latitude: "4.0",
            longitude: "9.7",
            email: "berioletsague@gmail.com",
            telephone: "pharma01",
            mot_de_passe_hash: "$2a$12$d/cVpiEEyfKfp6Rm5x7gI.72kfFUNPOO1qUUoXcUAAyaobgtOevjG",
        ?   id_utilisateur?: String,
        ?   date_naissance?: DateTime | Null,
        ?   photo_profil?: String | Null,
        ?   langue_preferee?: Langue,
        ?   statut_compte?: StatutCompte,
        ?   date_creation?: DateTime,
        ?   derniere_connexion?: DateTime | Null,
        ?   email_verifie?: DateTime | Null,
        ?   patient?: PatientCreateNestedOneWithoutUtilisateurInput,
        ?   professionnel?: ProfessionnelSanteCreateNestedOneWithoutUtilisateurInput,
        ?   pharmacies?: PharmacieCreateNestedManyWithoutResponsableInput,
        ?   tuteurPatients?: PatientCreateNestedManyWithoutTuteurInput,
        ?   accesCarnets?: AccesCarnetCreateNestedManyWithoutAccedantInput
          }
        })

Unknown argument `nom_pharmacie`. Available options are marked with ?.
    at ar (C:\Users\BERIOLE\Desktop\Projet soutenenace\projet\smarthealth\BACKEND\node_modules\@prisma\client\src\runtime\core\errorRendering\throwValidationException.ts:46:9)
    at Gr.throwValidationException [as handleRequestError] (C:\Users\BERIOLE\Desktop\Projet soutenenace\projet\smarthealth\BACKEND\node_modules\@prisma\client\src\runtime\RequestHandler.ts:211:7)
    at Gr.handleAndLogRequestError (C:\Users\BERIOLE\Desktop\Projet soutenenace\projet\smarthealth\BACKEND\node_modules\@prisma\client\src\runtime\RequestHandler.ts:183:12)
    at Gr.request (C:\Users\BERIOLE\Desktop\Projet soutenenace\projet\smarthealth\BACKEND\node_modules\@prisma\client\src\runtime\RequestHandler.ts:152:12)
    at processTicksAndRejections (node:internal/process/task_queues:95:5)
    at a (C:\Users\BERIOLE\Desktop\Projet soutenenace\projet\smarthealth\BACKEND\node_modules\@prisma\client\src\runtime\getPrismaClient.ts:938:24)
    at C:\Users\BERIOLE\Desktop\Projet soutenenace\projet\smarthealth\BACKEND\services\utilisateurService.js:9:27
    at Proxy._transactionWithCallback (C:\Users\BERIOLE\Desktop\Projet soutenenace\projet\smarthealth\BACKEND\node_modules\@prisma\client\src\runtime\getPrismaClient.ts:785:18)
    at exports.register (C:\Users\BERIOLE\Desktop\Projet soutenenace\projet\smarthealth\BACKEND\controllers\authController.js:30:25)
2026-04-29 14:10:07 [ERROR]: PrismaClientValidationError: 
Invalid `tx.utilisateur.create()` invocation in
C:\Users\BERIOLE\Desktop\Projet soutenenace\projet\smarthealth\BACKEND\services\utilisateurService.js:9:48

  6 async create(userData, roleData = {}) {
  7   return prisma.$transaction(async (tx) => {
  8     // 1. Créer l'utilisateur
→ 9     const utilisateur = await tx.utilisateur.create({
          data: {
            nom: "Pharma",
            prenom: "Doc",
            type_utilisateur: "PHARMACIEN",
            sexe: "M",
            nom_pharmacie: "Pharma Test",
            ~~~~~~~~~~~~~
            numero_autorisation: "AUTH001",
            adresse: "Rue Test",
            latitude: "4.0",
            longitude: "9.7",
            email: "berioletsague@gmail.com",
            telephone: "pharma01",
            mot_de_passe_hash: "$2a$12$2buuLgHee3CUoFlCP/6tGuOXxHFQprKI5O7kW6HsjRfz5zo6bbEg.",
        ?   id_utilisateur?: String,
        ?   date_naissance?: DateTime | Null,
        ?   photo_profil?: String | Null,
        ?   langue_preferee?: Langue,
        ?   statut_compte?: StatutCompte,
        ?   date_creation?: DateTime,
        ?   derniere_connexion?: DateTime | Null,
        ?   email_verifie?: DateTime | Null,
        ?   patient?: PatientCreateNestedOneWithoutUtilisateurInput,
        ?   professionnel?: ProfessionnelSanteCreateNestedOneWithoutUtilisateurInput,
        ?   pharmacies?: PharmacieCreateNestedManyWithoutResponsableInput,
        ?   tuteurPatients?: PatientCreateNestedManyWithoutTuteurInput,
        ?   accesCarnets?: AccesCarnetCreateNestedManyWithoutAccedantInput
          }
        })

Unknown argument `nom_pharmacie`. Available options are marked with ?.
    at ar (C:\Users\BERIOLE\Desktop\Projet soutenenace\projet\smarthealth\BACKEND\node_modules\@prisma\client\src\runtime\core\errorRendering\throwValidationException.ts:46:9)
    at Gr.throwValidationException [as handleRequestError] (C:\Users\BERIOLE\Desktop\Projet soutenenace\projet\smarthealth\BACKEND\node_modules\@prisma\client\src\runtime\RequestHandler.ts:211:7)
    at Gr.handleAndLogRequestError (C:\Users\BERIOLE\Desktop\Projet soutenenace\projet\smarthealth\BACKEND\node_modules\@prisma\client\src\runtime\RequestHandler.ts:183:12)
    at Gr.request (C:\Users\BERIOLE\Desktop\Projet soutenenace\projet\smarthealth\BACKEND\node_modules\@prisma\client\src\runtime\RequestHandler.ts:152:12)
    at processTicksAndRejections (node:internal/process/task_queues:95:5)
    at a (C:\Users\BERIOLE\Desktop\Projet soutenenace\projet\smarthealth\BACKEND\node_modules\@prisma\client\src\runtime\getPrismaClient.ts:938:24)
    at C:\Users\BERIOLE\Desktop\Projet soutenenace\projet\smarthealth\BACKEND\services\utilisateurService.js:9:27
    at Proxy._transactionWithCallback (C:\Users\BERIOLE\Desktop\Projet soutenenace\projet\smarthealth\BACKEND\node_modules\@prisma\client\src\runtime\getPrismaClient.ts:785:18)
    at exports.register (C:\Users\BERIOLE\Desktop\Projet soutenenace\projet\smarthealth\BACKEND\controllers\authController.js:30:25)
2026-04-29 14:10:15 [ERROR]: PrismaClientValidationError: 
Invalid `prisma.triageIa.create()` invocation in
C:\Users\BERIOLE\Desktop\Projet soutenenace\projet\smarthealth\BACKEND\controllers\triageController.js:46:42

  43 
  44 exports.create = async (req, res, next) => {
  45   try {
→ 46     const triage = await prisma.triageIa.create({
           data: {
             id_patient: "d38cd32c-e7b4-44a2-8cfa-15c09d2464bf",
             symptomes: "Fievre, toux, fatigue",
             age: 30,
             sexe: "M",
         +   symptomes_declares: JsonNullValueInput | Json
           }
         })

Argument `symptomes_declares` is missing.
    at ar (C:\Users\BERIOLE\Desktop\Projet soutenenace\projet\smarthealth\BACKEND\node_modules\@prisma\client\src\runtime\core\errorRendering\throwValidationException.ts:46:9)
    at Gr.throwValidationException [as handleRequestError] (C:\Users\BERIOLE\Desktop\Projet soutenenace\projet\smarthealth\BACKEND\node_modules\@prisma\client\src\runtime\RequestHandler.ts:211:7)
    at Gr.handleAndLogRequestError (C:\Users\BERIOLE\Desktop\Projet soutenenace\projet\smarthealth\BACKEND\node_modules\@prisma\client\src\runtime\RequestHandler.ts:183:12)
    at Gr.request (C:\Users\BERIOLE\Desktop\Projet soutenenace\projet\smarthealth\BACKEND\node_modules\@prisma\client\src\runtime\RequestHandler.ts:152:12)
    at processTicksAndRejections (node:internal/process/task_queues:95:5)
    at a (C:\Users\BERIOLE\Desktop\Projet soutenenace\projet\smarthealth\BACKEND\node_modules\@prisma\client\src\runtime\getPrismaClient.ts:938:24)
    at exports.create (C:\Users\BERIOLE\Desktop\Projet soutenenace\projet\smarthealth\BACKEND\controllers\triageController.js:46:20)
2026-04-29 14:26:44 [ERROR]: PrismaClientValidationError: 
Invalid `prisma.triageIa.create()` invocation in
C:\Users\BERIOLE\Desktop\Projet soutenenace\projet\smarthealth\BACKEND\controllers\triageController.js:46:42

  43 
  44 exports.create = async (req, res, next) => {
  45   try {
→ 46     const triage = await prisma.triageIa.create({
           data: {
             id_patient: "f67dc10a-ba1d-4cd4-bdff-34fd4fdb4163",
             symptomes: "Fievre, toux, fatigue",
             age: 30,
             sexe: "M",
         +   symptomes_declares: JsonNullValueInput | Json
           }
         })

Argument `symptomes_declares` is missing.
    at ar (C:\Users\BERIOLE\Desktop\Projet soutenenace\projet\smarthealth\BACKEND\node_modules\@prisma\client\src\runtime\core\errorRendering\throwValidationException.ts:46:9)
    at Gr.throwValidationException [as handleRequestError] (C:\Users\BERIOLE\Desktop\Projet soutenenace\projet\smarthealth\BACKEND\node_modules\@prisma\client\src\runtime\RequestHandler.ts:211:7)
    at Gr.handleAndLogRequestError (C:\Users\BERIOLE\Desktop\Projet soutenenace\projet\smarthealth\BACKEND\node_modules\@prisma\client\src\runtime\RequestHandler.ts:183:12)
    at Gr.request (C:\Users\BERIOLE\Desktop\Projet soutenenace\projet\smarthealth\BACKEND\node_modules\@prisma\client\src\runtime\RequestHandler.ts:152:12)
    at processTicksAndRejections (node:internal/process/task_queues:95:5)
    at a (C:\Users\BERIOLE\Desktop\Projet soutenenace\projet\smarthealth\BACKEND\node_modules\@prisma\client\src\runtime\getPrismaClient.ts:938:24)
    at exports.create (C:\Users\BERIOLE\Desktop\Projet soutenenace\projet\smarthealth\BACKEND\controllers\triageController.js:46:20)
2026-04-29 14:26:56 [ERROR]: PrismaClientValidationError: 
Invalid `prisma.interventionDomicile.create()` invocation in
C:\Users\BERIOLE\Desktop\Projet soutenenace\projet\smarthealth\BACKEND\controllers\interventionController.js:84:60

  81 if (data.longitude_intervention) data.longitude_intervention = Number(data.longitude_intervention);
  82 if (data.cout_fcfa) data.cout_fcfa = Number(data.cout_fcfa);
  83 
→ 84 const intervention = await prisma.interventionDomicile.create({
       data: {
         id_patient: "d9d7cffb-06da-4941-bf7f-2c7471437406",
         id_carnet: "113f6207-86dc-4cee-bacb-157d32262cef",
         type_intervention: "SOINF",
         description: "Pansement à domicile",
         date_prevue: "2026-05-01T13:26:55.813Z",
         adresse: "Douala, Bonapriso, Rue 12",
     +   type_acte: TypeActe
       }
     })

Argument `type_acte` is missing.
    at ar (C:\Users\BERIOLE\Desktop\Projet soutenenace\projet\smarthealth\BACKEND\node_modules\@prisma\client\src\runtime\core\errorRendering\throwValidationException.ts:46:9)
    at Gr.throwValidationException [as handleRequestError] (C:\Users\BERIOLE\Desktop\Projet soutenenace\projet\smarthealth\BACKEND\node_modules\@prisma\client\src\runtime\RequestHandler.ts:211:7)
    at Gr.handleAndLogRequestError (C:\Users\BERIOLE\Desktop\Projet soutenenace\projet\smarthealth\BACKEND\node_modules\@prisma\client\src\runtime\RequestHandler.ts:183:12)
    at Gr.request (C:\Users\BERIOLE\Desktop\Projet soutenenace\projet\smarthealth\BACKEND\node_modules\@prisma\client\src\runtime\RequestHandler.ts:152:12)
    at processTicksAndRejections (node:internal/process/task_queues:95:5)
    at a (C:\Users\BERIOLE\Desktop\Projet soutenenace\projet\smarthealth\BACKEND\node_modules\@prisma\client\src\runtime\getPrismaClient.ts:938:24)
    at exports.create (C:\Users\BERIOLE\Desktop\Projet soutenenace\projet\smarthealth\BACKEND\controllers\interventionController.js:84:26)
2026-04-29 14:27:13 [ERROR]: PrismaClientValidationError: 
Invalid `prisma.pharmacie.findMany()` invocation in
C:\Users\BERIOLE\Desktop\Projet soutenenace\projet\smarthealth\BACKEND\controllers\pharmacieController.js:16:24

  13 }
  14 
  15 const [data, total] = await Promise.all([
→ 16   prisma.pharmacie.findMany({
         where: {},
         skip: 0,
         take: "10",
               ~~~~
         include: {
           responsable: true
         },
         orderBy: {
           nom_pharmacie: "asc"
         }
       })

Argument `take`: Invalid value provided. Expected Int, provided String.
    at ar (C:\Users\BERIOLE\Desktop\Projet soutenenace\projet\smarthealth\BACKEND\node_modules\@prisma\client\src\runtime\core\errorRendering\throwValidationException.ts:46:9)
    at Gr.throwValidationException [as handleRequestError] (C:\Users\BERIOLE\Desktop\Projet soutenenace\projet\smarthealth\BACKEND\node_modules\@prisma\client\src\runtime\RequestHandler.ts:211:7)
    at Gr.handleAndLogRequestError (C:\Users\BERIOLE\Desktop\Projet soutenenace\projet\smarthealth\BACKEND\node_modules\@prisma\client\src\runtime\RequestHandler.ts:183:12)
    at Gr.request (C:\Users\BERIOLE\Desktop\Projet soutenenace\projet\smarthealth\BACKEND\node_modules\@prisma\client\src\runtime\RequestHandler.ts:152:12)
    at processTicksAndRejections (node:internal/process/task_queues:95:5)
    at a (C:\Users\BERIOLE\Desktop\Projet soutenenace\projet\smarthealth\BACKEND\node_modules\@prisma\client\src\runtime\getPrismaClient.ts:938:24)
    at async Promise.all (index 0)
    at exports.getAll (C:\Users\BERIOLE\Desktop\Projet soutenenace\projet\smarthealth\BACKEND\controllers\pharmacieController.js:15:27)
2026-04-29 14:27:13 [ERROR]: TypeError: Cannot read properties of undefined (reading 'findMany')
    at findMany (C:\Users\BERIOLE\Desktop\Projet soutenenace\projet\smarthealth\BACKEND\controllers\pharmacieController.js:251:52)
    at Layer.handleRequest (C:\Users\BERIOLE\Desktop\Projet soutenenace\projet\smarthealth\BACKEND\node_modules\router\lib\layer.js:152:17)
    at next (C:\Users\BERIOLE\Desktop\Projet soutenenace\projet\smarthealth\BACKEND\node_modules\router\lib\route.js:157:13)
    at next (C:\Users\BERIOLE\Desktop\Projet soutenenace\projet\smarthealth\BACKEND\middleware\auth.js:26:5)
    at Layer.handleRequest (C:\Users\BERIOLE\Desktop\Projet soutenenace\projet\smarthealth\BACKEND\node_modules\router\lib\layer.js:152:17)
    at next (C:\Users\BERIOLE\Desktop\Projet soutenenace\projet\smarthealth\BACKEND\node_modules\router\lib\route.js:157:13)
    at next (C:\Users\BERIOLE\Desktop\Projet soutenenace\projet\smarthealth\BACKEND\middleware\auth.js:15:5)
    at Layer.handleRequest (C:\Users\BERIOLE\Desktop\Projet soutenenace\projet\smarthealth\BACKEND\node_modules\router\lib\layer.js:152:17)
    at next (C:\Users\BERIOLE\Desktop\Projet soutenenace\projet\smarthealth\BACKEND\node_modules\router\lib\route.js:157:13)
    at Route.dispatch (C:\Users\BERIOLE\Desktop\Projet soutenenace\projet\smarthealth\BACKEND\node_modules\router\lib\route.js:117:3)
    at handle (C:\Users\BERIOLE\Desktop\Projet soutenenace\projet\smarthealth\BACKEND\node_modules\router\index.js:435:11)
    at Layer.handleRequest (C:\Users\BERIOLE\Desktop\Projet soutenenace\projet\smarthealth\BACKEND\node_modules\router\lib\layer.js:152:17)
    at C:\Users\BERIOLE\Desktop\Projet soutenenace\projet\smarthealth\BACKEND\node_modules\router\index.js:295:15
    at param (C:\Users\BERIOLE\Desktop\Projet soutenenace\projet\smarthealth\BACKEND\node_modules\router\index.js:600:14)
    at param (C:\Users\BERIOLE\Desktop\Projet soutenenace\projet\smarthealth\BACKEND\node_modules\router\index.js:610:14)
    at processParams (C:\Users\BERIOLE\Desktop\Projet soutenenace\projet\smarthealth\BACKEND\node_modules\router\index.js:664:3)
    at next (C:\Users\BERIOLE\Desktop\Projet soutenenace\projet\smarthealth\BACKEND\node_modules\router\index.js:291:5)
    at Function.handle (C:\Users\BERIOLE\Desktop\Projet soutenenace\projet\smarthealth\BACKEND\node_modules\router\index.js:186:3)
    at router (C:\Users\BERIOLE\Desktop\Projet soutenenace\projet\smarthealth\BACKEND\node_modules\router\index.js:60:12)
    at Layer.handleRequest (C:\Users\BERIOLE\Desktop\Projet soutenenace\projet\smarthealth\BACKEND\node_modules\router\lib\layer.js:152:17)
    at trimPrefix (C:\Users\BERIOLE\Desktop\Projet soutenenace\projet\smarthealth\BACKEND\node_modules\router\index.js:342:13)
    at C:\Users\BERIOLE\Desktop\Projet soutenenace\projet\smarthealth\BACKEND\node_modules\router\index.js:297:9
    at processParams (C:\Users\BERIOLE\Desktop\Projet soutenenace\projet\smarthealth\BACKEND\node_modules\router\index.js:582:12)
    at next (C:\Users\BERIOLE\Desktop\Projet soutenenace\projet\smarthealth\BACKEND\node_modules\router\index.js:291:5)
    at logger (C:\Users\BERIOLE\Desktop\Projet soutenenace\projet\smarthealth\BACKEND\node_modules\morgan\index.js:144:5)
    at Layer.handleRequest (C:\Users\BERIOLE\Desktop\Projet soutenenace\projet\smarthealth\BACKEND\node_modules\router\lib\layer.js:152:17)
    at trimPrefix (C:\Users\BERIOLE\Desktop\Projet soutenenace\projet\smarthealth\BACKEND\node_modules\router\index.js:342:13)
    at C:\Users\BERIOLE\Desktop\Projet soutenenace\projet\smarthealth\BACKEND\node_modules\router\index.js:297:9
    at processParams (C:\Users\BERIOLE\Desktop\Projet soutenenace\projet\smarthealth\BACKEND\node_modules\router\index.js:582:12)
    at next (C:\Users\BERIOLE\Desktop\Projet soutenenace\projet\smarthealth\BACKEND\node_modules\router\index.js:291:5)
    at read (C:\Users\BERIOLE\Desktop\Projet soutenenace\projet\smarthealth\BACKEND\node_modules\body-parser\lib\read.js:53:5)
    at urlencodedParser (C:\Users\BERIOLE\Desktop\Projet soutenenace\projet\smarthealth\BACKEND\node_modules\body-parser\lib\types\urlencoded.js:57:5)
    at Layer.handleRequest (C:\Users\BERIOLE\Desktop\Projet soutenenace\projet\smarthealth\BACKEND\node_modules\router\lib\layer.js:152:17)
    at trimPrefix (C:\Users\BERIOLE\Desktop\Projet soutenenace\projet\smarthealth\BACKEND\node_modules\router\index.js:342:13)
    at C:\Users\BERIOLE\Desktop\Projet soutenenace\projet\smarthealth\BACKEND\node_modules\router\index.js:297:9
    at processParams (C:\Users\BERIOLE\Desktop\Projet soutenenace\projet\smarthealth\BACKEND\node_modules\router\index.js:582:12)
    at next (C:\Users\BERIOLE\Desktop\Projet soutenenace\projet\smarthealth\BACKEND\node_modules\router\index.js:291:5)
    at read (C:\Users\BERIOLE\Desktop\Projet soutenenace\projet\smarthealth\BACKEND\node_modules\body-parser\lib\read.js:53:5)
    at jsonParser (C:\Users\BERIOLE\Desktop\Projet soutenenace\projet\smarthealth\BACKEND\node_modules\body-parser\lib\types\json.js:88:5)
    at Layer.handleRequest (C:\Users\BERIOLE\Desktop\Projet soutenenace\projet\smarthealth\BACKEND\node_modules\router\lib\layer.js:152:17)
    at trimPrefix (C:\Users\BERIOLE\Desktop\Projet soutenenace\projet\smarthealth\BACKEND\node_modules\router\index.js:342:13)
    at C:\Users\BERIOLE\Desktop\Projet soutenenace\projet\smarthealth\BACKEND\node_modules\router\index.js:297:9
    at processParams (C:\Users\BERIOLE\Desktop\Projet soutenenace\projet\smarthealth\BACKEND\node_modules\router\index.js:582:12)
    at next (C:\Users\BERIOLE\Desktop\Projet soutenenace\projet\smarthealth\BACKEND\node_modules\router\index.js:291:5)
    at cors (C:\Users\BERIOLE\Desktop\Projet soutenenace\projet\smarthealth\BACKEND\node_modules\cors\lib\index.js:188:7)
    at C:\Users\BERIOLE\Desktop\Projet soutenenace\projet\smarthealth\BACKEND\node_modules\cors\lib\index.js:224:17
    at originCallback (C:\Users\BERIOLE\Desktop\Projet soutenenace\projet\smarthealth\BACKEND\node_modules\cors\lib\index.js:214:15)
    at C:\Users\BERIOLE\Desktop\Projet soutenenace\projet\smarthealth\BACKEND\node_modules\cors\lib\index.js:219:13
    at optionsCallback (C:\Users\BERIOLE\Desktop\Projet soutenenace\projet\smarthealth\BACKEND\node_modules\cors\lib\index.js:199:9)
    at corsMiddleware (C:\Users\BERIOLE\Desktop\Projet soutenenace\projet\smarthealth\BACKEND\node_modules\cors\lib\index.js:204:7)
    at Layer.handleRequest (C:\Users\BERIOLE\Desktop\Projet soutenenace\projet\smarthealth\BACKEND\node_modules\router\lib\layer.js:152:17)
    at trimPrefix (C:\Users\BERIOLE\Desktop\Projet soutenenace\projet\smarthealth\BACKEND\node_modules\router\index.js:342:13)
    at C:\Users\BERIOLE\Desktop\Projet soutenenace\projet\smarthealth\BACKEND\node_modules\router\index.js:297:9
    at processParams (C:\Users\BERIOLE\Desktop\Projet soutenenace\projet\smarthealth\BACKEND\node_modules\router\index.js:582:12)
    at next (C:\Users\BERIOLE\Desktop\Projet soutenenace\projet\smarthealth\BACKEND\node_modules\router\index.js:291:5)
    at internalNext (C:\Users\BERIOLE\Desktop\Projet soutenenace\projet\smarthealth\BACKEND\node_modules\helmet\index.cjs:531:6)
    at xXssProtectionMiddleware (C:\Users\BERIOLE\Desktop\Projet soutenenace\projet\smarthealth\BACKEND\node_modules\helmet\index.cjs:311:3)
    at internalNext (C:\Users\BERIOLE\Desktop\Projet soutenenace\projet\smarthealth\BACKEND\node_modules\helmet\index.cjs:529:6)
    at xPoweredByMiddleware (C:\Users\BERIOLE\Desktop\Projet soutenenace\projet\smarthealth\BACKEND\node_modules\helmet\index.cjs:304:3)
    at internalNext (C:\Users\BERIOLE\Desktop\Projet soutenenace\projet\smarthealth\BACKEND\node_modules\helmet\index.cjs:529:6)
    at xPermittedCrossDomainPoliciesMiddleware (C:\Users\BERIOLE\Desktop\Projet soutenenace\projet\smarthealth\BACKEND\node_modules\helmet\index.cjs:297:3)
    at internalNext (C:\Users\BERIOLE\Desktop\Projet soutenenace\projet\smarthealth\BACKEND\node_modules\helmet\index.cjs:529:6)
    at xFrameOptionsMiddleware (C:\Users\BERIOLE\Desktop\Projet soutenenace\projet\smarthealth\BACKEND\node_modules\helmet\index.cjs:281:3)
    at internalNext (C:\Users\BERIOLE\Desktop\Projet soutenenace\projet\smarthealth\BACKEND\node_modules\helmet\index.cjs:529:6)
    at xDownloadOptionsMiddleware (C:\Users\BERIOLE\Desktop\Projet soutenenace\projet\smarthealth\BACKEND\node_modules\helmet\index.cjs:261:3)
    at internalNext (C:\Users\BERIOLE\Desktop\Projet soutenenace\projet\smarthealth\BACKEND\node_modules\helmet\index.cjs:529:6)
    at xDnsPrefetchControlMiddleware (C:\Users\BERIOLE\Desktop\Projet soutenenace\projet\smarthealth\BACKEND\node_modules\helmet\index.cjs:254:3)
    at internalNext (C:\Users\BERIOLE\Desktop\Projet soutenenace\projet\smarthealth\BACKEND\node_modules\helmet\index.cjs:529:6)
    at xContentTypeOptionsMiddleware (C:\Users\BERIOLE\Desktop\Projet soutenenace\projet\smarthealth\BACKEND\node_modules\helmet\index.cjs:246:3)
    at internalNext (C:\Users\BERIOLE\Desktop\Projet soutenenace\projet\smarthealth\BACKEND\node_modules\helmet\index.cjs:529:6)
    at strictTransportSecurityMiddleware (C:\Users\BERIOLE\Desktop\Projet soutenenace\projet\smarthealth\BACKEND\node_modules\helmet\index.cjs:239:3)
    at internalNext (C:\Users\BERIOLE\Desktop\Projet soutenenace\projet\smarthealth\BACKEND\node_modules\helmet\index.cjs:529:6)
    at referrerPolicyMiddleware (C:\Users\BERIOLE\Desktop\Projet soutenenace\projet\smarthealth\BACKEND\node_modules\helmet\index.cjs:207:3)
    at internalNext (C:\Users\BERIOLE\Desktop\Projet soutenenace\projet\smarthealth\BACKEND\node_modules\helmet\index.cjs:529:6)
    at originAgentClusterMiddleware (C:\Users\BERIOLE\Desktop\Projet soutenenace\projet\smarthealth\BACKEND\node_modules\helmet\index.cjs:182:3)
    at internalNext (C:\Users\BERIOLE\Desktop\Projet soutenenace\projet\smarthealth\BACKEND\node_modules\helmet\index.cjs:529:6)
    at crossOriginResourcePolicyMiddleware (C:\Users\BERIOLE\Desktop\Projet soutenenace\projet\smarthealth\BACKEND\node_modules\helmet\index.cjs:175:3)
    at internalNext (C:\Users\BERIOLE\Desktop\Projet soutenenace\projet\smarthealth\BACKEND\node_modules\helmet\index.cjs:529:6)
    at crossOriginOpenerPolicyMiddleware (C:\Users\BERIOLE\Desktop\Projet soutenenace\projet\smarthealth\BACKEND\node_modules\helmet\index.cjs:159:3)
    at internalNext (C:\Users\BERIOLE\Desktop\Projet soutenenace\projet\smarthealth\BACKEND\node_modules\helmet\index.cjs:529:6)
    at contentSecurityPolicyMiddleware (C:\Users\BERIOLE\Desktop\Projet soutenenace\projet\smarthealth\BACKEND\node_modules\helmet\index.cjs:124:4)
    at internalNext (C:\Users\BERIOLE\Desktop\Projet soutenenace\projet\smarthealth\BACKEND\node_modules\helmet\index.cjs:529:6)
    at helmetMiddleware (C:\Users\BERIOLE\Desktop\Projet soutenenace\projet\smarthealth\BACKEND\node_modules\helmet\index.cjs:533:6)
    at Layer.handleRequest (C:\Users\BERIOLE\Desktop\Projet soutenenace\projet\smarthealth\BACKEND\node_modules\router\lib\layer.js:152:17)
    at trimPrefix (C:\Users\BERIOLE\Desktop\Projet soutenenace\projet\smarthealth\BACKEND\node_modules\router\index.js:342:13)
    at C:\Users\BERIOLE\Desktop\Projet soutenenace\projet\smarthealth\BACKEND\node_modules\router\index.js:297:9
    at processParams (C:\Users\BERIOLE\Desktop\Projet soutenenace\projet\smarthealth\BACKEND\node_modules\router\index.js:582:12)
    at next (C:\Users\BERIOLE\Desktop\Projet soutenenace\projet\smarthealth\BACKEND\node_modules\router\index.js:291:5)
    at Function.handle (C:\Users\BERIOLE\Desktop\Projet soutenenace\projet\smarthealth\BACKEND\node_modules\router\index.js:186:3)
    at Function.handle (C:\Users\BERIOLE\Desktop\Projet soutenenace\projet\smarthealth\BACKEND\node_modules\express\lib\application.js:177:15)
    at Server.app (C:\Users\BERIOLE\Desktop\Projet soutenenace\projet\smarthealth\BACKEND\node_modules\express\lib\express.js:38:9)
    at Server.emit (node:events:524:28)
    at parserOnIncoming (node:_http_server:1141:12)
    at HTTPParser.parserOnHeadersComplete (node:_http_common:118:17)
2026-04-29 14:27:33 [ERROR]: PrismaClientValidationError: 
Invalid `prisma.triageIa.create()` invocation in
C:\Users\BERIOLE\Desktop\Projet soutenenace\projet\smarthealth\BACKEND\controllers\triageController.js:46:42

  43 
  44 exports.create = async (req, res, next) => {
  45   try {
→ 46     const triage = await prisma.triageIa.create({
           data: {
             id_patient: "729b0d57-d395-4377-b7d7-9b8b39a29518",
             symptomes: "Fievre, toux, maux de tete",
             age: 25,
             sexe: "F",
             antecedents: "Aucun",
         +   symptomes_declares: JsonNullValueInput | Json
           }
         })

Argument `symptomes_declares` is missing.
    at ar (C:\Users\BERIOLE\Desktop\Projet soutenenace\projet\smarthealth\BACKEND\node_modules\@prisma\client\src\runtime\core\errorRendering\throwValidationException.ts:46:9)
    at Gr.throwValidationException [as handleRequestError] (C:\Users\BERIOLE\Desktop\Projet soutenenace\projet\smarthealth\BACKEND\node_modules\@prisma\client\src\runtime\RequestHandler.ts:211:7)
    at Gr.handleAndLogRequestError (C:\Users\BERIOLE\Desktop\Projet soutenenace\projet\smarthealth\BACKEND\node_modules\@prisma\client\src\runtime\RequestHandler.ts:183:12)
    at Gr.request (C:\Users\BERIOLE\Desktop\Projet soutenenace\projet\smarthealth\BACKEND\node_modules\@prisma\client\src\runtime\RequestHandler.ts:152:12)
    at processTicksAndRejections (node:internal/process/task_queues:95:5)
    at a (C:\Users\BERIOLE\Desktop\Projet soutenenace\projet\smarthealth\BACKEND\node_modules\@prisma\client\src\runtime\getPrismaClient.ts:938:24)
    at exports.create (C:\Users\BERIOLE\Desktop\Projet soutenenace\projet\smarthealth\BACKEND\controllers\triageController.js:46:20)
2026-04-29 14:27:33 [ERROR]: PrismaClientValidationError: 
Invalid `prisma.triageIa.create()` invocation in
C:\Users\BERIOLE\Desktop\Projet soutenenace\projet\smarthealth\BACKEND\controllers\triageController.js:46:42

  43 
  44 exports.create = async (req, res, next) => {
  45   try {
→ 46     const triage = await prisma.triageIa.create({
           data: {
         +   symptomes_declares: JsonNullValueInput | Json
           }
         })

Argument `symptomes_declares` is missing.
    at ar (C:\Users\BERIOLE\Desktop\Projet soutenenace\projet\smarthealth\BACKEND\node_modules\@prisma\client\src\runtime\core\errorRendering\throwValidationException.ts:46:9)
    at Gr.throwValidationException [as handleRequestError] (C:\Users\BERIOLE\Desktop\Projet soutenenace\projet\smarthealth\BACKEND\node_modules\@prisma\client\src\runtime\RequestHandler.ts:211:7)
    at Gr.handleAndLogRequestError (C:\Users\BERIOLE\Desktop\Projet soutenenace\projet\smarthealth\BACKEND\node_modules\@prisma\client\src\runtime\RequestHandler.ts:183:12)
    at Gr.request (C:\Users\BERIOLE\Desktop\Projet soutenenace\projet\smarthealth\BACKEND\node_modules\@prisma\client\src\runtime\RequestHandler.ts:152:12)
    at processTicksAndRejections (node:internal/process/task_queues:95:5)
    at a (C:\Users\BERIOLE\Desktop\Projet soutenenace\projet\smarthealth\BACKEND\node_modules\@prisma\client\src\runtime\getPrismaClient.ts:938:24)
    at exports.create (C:\Users\BERIOLE\Desktop\Projet soutenenace\projet\smarthealth\BACKEND\controllers\triageController.js:46:20)
2026-04-29 14:27:44 [ERROR]: PrismaClientValidationError: 
Invalid `tx.rappelTraitement.create()` invocation in
C:\Users\BERIOLE\Desktop\Projet soutenenace\projet\smarthealth\BACKEND\controllers\rappelController.js:19:51

  16 if (start >= end) throw new ValidationError('La date de fin doit être après la date de début.');
  17 
  18 const rappel = await prisma.$transaction(async (tx) => {
→ 19   const newRappel = await tx.rappelTraitement.create({
         data: {
           id_patient: "9ddb8eaa-9607-4e5b-9085-437137bb0d98",
           id_ordonnance: undefined,
           id_medicament: null,
           frequence: undefined,
           heure_prise: undefined,
           date_debut: new Date("2026-04-29T13:27:44.584Z"),
           date_fin: new Date("Invalid Date"),
                     ~~~~~~~~~~~~~~~~~~~~~~~~
           canal_notification: "sms",
           alerte_tuteur_active: false
         }
       })

Invalid value for argument `date_fin`: Provided Date object is invalid. Expected Date.
    at ar (C:\Users\BERIOLE\Desktop\Projet soutenenace\projet\smarthealth\BACKEND\node_modules\@prisma\client\src\runtime\core\errorRendering\throwValidationException.ts:46:9)
    at e.throwValidationException [as throwValidationError] (C:\Users\BERIOLE\Desktop\Projet soutenenace\projet\smarthealth\BACKEND\node_modules\@prisma\client\src\runtime\core\jsonProtocol\serializeJsonQuery.ts:458:5)
    at Ao (C:\Users\BERIOLE\Desktop\Projet soutenenace\projet\smarthealth\BACKEND\node_modules\@prisma\client\src\runtime\core\jsonProtocol\serializeJsonQuery.ts:288:15)
    at serializeArgumentsValue (C:\Users\BERIOLE\Desktop\Projet soutenenace\projet\smarthealth\BACKEND\node_modules\@prisma\client\src\runtime\core\jsonProtocol\serializeJsonQuery.ts:374:21)
    at serializeArgumentsObject (C:\Users\BERIOLE\Desktop\Projet soutenenace\projet\smarthealth\BACKEND\node_modules\@prisma\client\src\runtime\core\jsonProtocol\serializeJsonQuery.ts:340:12)
    at serializeArgumentsValue (C:\Users\BERIOLE\Desktop\Projet soutenenace\projet\smarthealth\BACKEND\node_modules\@prisma\client\src\runtime\core\jsonProtocol\serializeJsonQuery.ts:374:21)
    at serializeArgumentsObject (C:\Users\BERIOLE\Desktop\Projet soutenenace\projet\smarthealth\BACKEND\node_modules\@prisma\client\src\runtime\core\jsonProtocol\serializeJsonQuery.ts:127:16)
    at serializeFieldSelection (C:\Users\BERIOLE\Desktop\Projet soutenenace\projet\smarthealth\BACKEND\node_modules\@prisma\client\src\runtime\core\jsonProtocol\serializeJsonQuery.ts:116:12)
    at serializeJsonQuery (C:\Users\BERIOLE\Desktop\Projet soutenenace\projet\smarthealth\BACKEND\node_modules\@prisma\client\src\runtime\getPrismaClient.ts:993:11)
    at Object.callback [as runInChildSpan] (C:\Users\BERIOLE\Desktop\Projet soutenenace\projet\smarthealth\BACKEND\node_modules\@prisma\client\src\runtime\core\tracing\TracingHelper.ts:28:12)
    at di.runInChildSpan (C:\Users\BERIOLE\Desktop\Projet soutenenace\projet\smarthealth\BACKEND\node_modules\@prisma\client\src\runtime\core\tracing\TracingHelper.ts:53:36)
    at Proxy._executeRequest (C:\Users\BERIOLE\Desktop\Projet soutenenace\projet\smarthealth\BACKEND\node_modules\@prisma\client\src\runtime\getPrismaClient.ts:992:45)
    at Yo (C:\Users\BERIOLE\Desktop\Projet soutenenace\projet\smarthealth\BACKEND\node_modules\@prisma\client\src\runtime\core\extensions\applyQueryExtensions.ts:58:19)
    at applyQueryExtensions (C:\Users\BERIOLE\Desktop\Projet soutenenace\projet\smarthealth\BACKEND\node_modules\@prisma\client\src\runtime\getPrismaClient.ts:938:30)
    at consumer (C:\Users\BERIOLE\Desktop\Projet soutenenace\projet\smarthealth\BACKEND\node_modules\@prisma\client\src\runtime\getPrismaClient.ts:964:49)
    at AsyncResource.runInAsyncScope (node:async_hooks:206:9)
    at C:\Users\BERIOLE\Desktop\Projet soutenenace\projet\smarthealth\BACKEND\node_modules\@prisma\client\src\runtime\getPrismaClient.ts:964:27
    at Object.callback [as runInChildSpan] (C:\Users\BERIOLE\Desktop\Projet soutenenace\projet\smarthealth\BACKEND\node_modules\@prisma\client\src\runtime\core\tracing\TracingHelper.ts:28:12)
    at di.runInChildSpan (C:\Users\BERIOLE\Desktop\Projet soutenenace\projet\smarthealth\BACKEND\node_modules\@prisma\client\src\runtime\core\tracing\TracingHelper.ts:53:36)
    at Proxy._request (C:\Users\BERIOLE\Desktop\Projet soutenenace\projet\smarthealth\BACKEND\node_modules\@prisma\client\src\runtime\getPrismaClient.ts:960:34)
    at e._createPrismaPromise.action (C:\Users\BERIOLE\Desktop\Projet soutenenace\projet\smarthealth\BACKEND\node_modules\@prisma\client\src\runtime\core\model\applyModel.ts:103:27)
    at callback (C:\Users\BERIOLE\Desktop\Projet soutenenace\projet\smarthealth\BACKEND\node_modules\@prisma\client\src\runtime\core\request\createPrismaPromise.ts:34:46)
    at Proxy._callback (C:\Users\BERIOLE\Desktop\Projet soutenenace\projet\smarthealth\BACKEND\node_modules\@prisma\client\src\runtime\core\request\createPrismaPromise.ts:52:16)
    at processTicksAndRejections (node:internal/process/task_queues:95:5)
2026-04-29 14:28:07 [ERROR]: PrismaClientValidationError: 
Invalid `tx.utilisateur.create()` invocation in
C:\Users\BERIOLE\Desktop\Projet soutenenace\projet\smarthealth\BACKEND\services\utilisateurService.js:9:48

  6 async create(userData, roleData = {}) {
  7   return prisma.$transaction(async (tx) => {
  8     // 1. Créer l'utilisateur
→ 9     const utilisateur = await tx.utilisateur.create({
          data: {
            nom: "Pharma",
            prenom: "Doc",
            type_utilisateur: "PHARMACIEN",
            sexe: "M",
            nom_pharmacie: "Pharma Test",
            ~~~~~~~~~~~~~
            numero_autorisation: "AUTH001",
            adresse: "Rue Test",
            latitude: "4.0",
            longitude: "9.7",
            email: "berioletsague@gmail.com",
            telephone: "pharma01",
            mot_de_passe_hash: "$2a$12$aCPCAAe6llbr7XgA2t5d9e.wyOm.e8bHC2jcReWDTRfs/eH1TboKC",
        ?   id_utilisateur?: String,
        ?   date_naissance?: DateTime | Null,
        ?   photo_profil?: String | Null,
        ?   langue_preferee?: Langue,
        ?   statut_compte?: StatutCompte,
        ?   date_creation?: DateTime,
        ?   derniere_connexion?: DateTime | Null,
        ?   email_verifie?: DateTime | Null,
        ?   patient?: PatientCreateNestedOneWithoutUtilisateurInput,
        ?   professionnel?: ProfessionnelSanteCreateNestedOneWithoutUtilisateurInput,
        ?   pharmacies?: PharmacieCreateNestedManyWithoutResponsableInput,
        ?   tuteurPatients?: PatientCreateNestedManyWithoutTuteurInput,
        ?   accesCarnets?: AccesCarnetCreateNestedManyWithoutAccedantInput
          }
        })

Unknown argument `nom_pharmacie`. Available options are marked with ?.
    at ar (C:\Users\BERIOLE\Desktop\Projet soutenenace\projet\smarthealth\BACKEND\node_modules\@prisma\client\src\runtime\core\errorRendering\throwValidationException.ts:46:9)
    at Gr.throwValidationException [as handleRequestError] (C:\Users\BERIOLE\Desktop\Projet soutenenace\projet\smarthealth\BACKEND\node_modules\@prisma\client\src\runtime\RequestHandler.ts:211:7)
    at Gr.handleAndLogRequestError (C:\Users\BERIOLE\Desktop\Projet soutenenace\projet\smarthealth\BACKEND\node_modules\@prisma\client\src\runtime\RequestHandler.ts:183:12)
    at Gr.request (C:\Users\BERIOLE\Desktop\Projet soutenenace\projet\smarthealth\BACKEND\node_modules\@prisma\client\src\runtime\RequestHandler.ts:152:12)
    at processTicksAndRejections (node:internal/process/task_queues:95:5)
    at a (C:\Users\BERIOLE\Desktop\Projet soutenenace\projet\smarthealth\BACKEND\node_modules\@prisma\client\src\runtime\getPrismaClient.ts:938:24)
    at C:\Users\BERIOLE\Desktop\Projet soutenenace\projet\smarthealth\BACKEND\services\utilisateurService.js:9:27
    at Proxy._transactionWithCallback (C:\Users\BERIOLE\Desktop\Projet soutenenace\projet\smarthealth\BACKEND\node_modules\@prisma\client\src\runtime\getPrismaClient.ts:785:18)
    at exports.register (C:\Users\BERIOLE\Desktop\Projet soutenenace\projet\smarthealth\BACKEND\controllers\authController.js:30:25)
2026-04-29 14:49:27 [ERROR]: PrismaClientValidationError: 
Invalid `prisma.interventionDomicile.create()` invocation in
C:\Users\BERIOLE\Desktop\Projet soutenenace\projet\smarthealth\BACKEND\controllers\interventionController.js:84:60

  81 if (data.longitude_intervention) data.longitude_intervention = Number(data.longitude_intervention);
  82 if (data.cout_fcfa) data.cout_fcfa = Number(data.cout_fcfa);
  83 
→ 84 const intervention = await prisma.interventionDomicile.create({
       data: {
         id_patient: "c638b31e-d371-49bc-9fc8-c3bc01a0dfc0",
         id_carnet: "e4516547-8211-40a9-b59c-8ba8b3cb4aec",
         type_intervention: "SOINF",
         description: "Pansement à domicile",
         date_prevue: "2026-05-01T13:49:26.959Z",
         adresse: "Douala, Bonapriso, Rue 12",
     +   type_acte: TypeActe
       }
     })

Argument `type_acte` is missing.
    at ar (C:\Users\BERIOLE\Desktop\Projet soutenenace\projet\smarthealth\BACKEND\node_modules\@prisma\client\src\runtime\core\errorRendering\throwValidationException.ts:46:9)
    at Gr.throwValidationException [as handleRequestError] (C:\Users\BERIOLE\Desktop\Projet soutenenace\projet\smarthealth\BACKEND\node_modules\@prisma\client\src\runtime\RequestHandler.ts:211:7)
    at Gr.handleAndLogRequestError (C:\Users\BERIOLE\Desktop\Projet soutenenace\projet\smarthealth\BACKEND\node_modules\@prisma\client\src\runtime\RequestHandler.ts:183:12)
    at Gr.request (C:\Users\BERIOLE\Desktop\Projet soutenenace\projet\smarthealth\BACKEND\node_modules\@prisma\client\src\runtime\RequestHandler.ts:152:12)
    at processTicksAndRejections (node:internal/process/task_queues:95:5)
    at a (C:\Users\BERIOLE\Desktop\Projet soutenenace\projet\smarthealth\BACKEND\node_modules\@prisma\client\src\runtime\getPrismaClient.ts:938:24)
    at exports.create (C:\Users\BERIOLE\Desktop\Projet soutenenace\projet\smarthealth\BACKEND\controllers\interventionController.js:84:26)
2026-04-29 14:49:44 [ERROR]: PrismaClientValidationError: 
Invalid `prisma.pharmacie.create()` invocation in
C:\Users\BERIOLE\Desktop\Projet soutenenace\projet\smarthealth\BACKEND\controllers\pharmacieController.js:62:46

  59   data.id_responsable = req.user.id;
  60 }
  61 
→ 62 const pharmacie = await prisma.pharmacie.create({
       data: {
         nom_pharmacie: "Pharmacie Centrale",
         numero_autorisation: "AUTH-001",
         adresse: "Douala, Bonanjo",
         telephone: "000000032",
         latitude: 4.05,
         longitude: 9.7,
     +   responsable: {
     +     create: UtilisateurCreateWithoutPharmaciesInput | UtilisateurUncheckedCreateWithoutPharmaciesInput,
     +     connectOrCreate: UtilisateurCreateOrConnectWithoutPharmaciesInput,
     +     connect: UtilisateurWhereUniqueInput
     +   }
       }
     })

Argument `responsable` is missing.
    at ar (C:\Users\BERIOLE\Desktop\Projet soutenenace\projet\smarthealth\BACKEND\node_modules\@prisma\client\src\runtime\core\errorRendering\throwValidationException.ts:46:9)
    at Gr.throwValidationException [as handleRequestError] (C:\Users\BERIOLE\Desktop\Projet soutenenace\projet\smarthealth\BACKEND\node_modules\@prisma\client\src\runtime\RequestHandler.ts:211:7)
    at Gr.handleAndLogRequestError (C:\Users\BERIOLE\Desktop\Projet soutenenace\projet\smarthealth\BACKEND\node_modules\@prisma\client\src\runtime\RequestHandler.ts:183:12)
    at Gr.request (C:\Users\BERIOLE\Desktop\Projet soutenenace\projet\smarthealth\BACKEND\node_modules\@prisma\client\src\runtime\RequestHandler.ts:152:12)
    at processTicksAndRejections (node:internal/process/task_queues:95:5)
    at a (C:\Users\BERIOLE\Desktop\Projet soutenenace\projet\smarthealth\BACKEND\node_modules\@prisma\client\src\runtime\getPrismaClient.ts:938:24)
    at exports.create (C:\Users\BERIOLE\Desktop\Projet soutenenace\projet\smarthealth\BACKEND\controllers\pharmacieController.js:62:23)
2026-04-29 14:49:44 [ERROR]: PrismaClientValidationError: 
Invalid `prisma.pharmacie.findMany()` invocation in
C:\Users\BERIOLE\Desktop\Projet soutenenace\projet\smarthealth\BACKEND\controllers\pharmacieController.js:16:24

  13 }
  14 
  15 const [data, total] = await Promise.all([
→ 16   prisma.pharmacie.findMany({
         where: {},
         skip: 0,
         take: "10",
               ~~~~
         include: {
           responsable: true
         },
         orderBy: {
           nom_pharmacie: "asc"
         }
       })

Argument `take`: Invalid value provided. Expected Int, provided String.
    at ar (C:\Users\BERIOLE\Desktop\Projet soutenenace\projet\smarthealth\BACKEND\node_modules\@prisma\client\src\runtime\core\errorRendering\throwValidationException.ts:46:9)
    at Gr.throwValidationException [as handleRequestError] (C:\Users\BERIOLE\Desktop\Projet soutenenace\projet\smarthealth\BACKEND\node_modules\@prisma\client\src\runtime\RequestHandler.ts:211:7)
    at Gr.handleAndLogRequestError (C:\Users\BERIOLE\Desktop\Projet soutenenace\projet\smarthealth\BACKEND\node_modules\@prisma\client\src\runtime\RequestHandler.ts:183:12)
    at Gr.request (C:\Users\BERIOLE\Desktop\Projet soutenenace\projet\smarthealth\BACKEND\node_modules\@prisma\client\src\runtime\RequestHandler.ts:152:12)
    at processTicksAndRejections (node:internal/process/task_queues:95:5)
    at a (C:\Users\BERIOLE\Desktop\Projet soutenenace\projet\smarthealth\BACKEND\node_modules\@prisma\client\src\runtime\getPrismaClient.ts:938:24)
    at async Promise.all (index 0)
    at exports.getAll (C:\Users\BERIOLE\Desktop\Projet soutenenace\projet\smarthealth\BACKEND\controllers\pharmacieController.js:15:27)
2026-04-29 14:49:44 [ERROR]: TypeError: Cannot read properties of undefined (reading 'findMany')
    at findMany (C:\Users\BERIOLE\Desktop\Projet soutenenace\projet\smarthealth\BACKEND\controllers\pharmacieController.js:251:52)
    at Layer.handleRequest (C:\Users\BERIOLE\Desktop\Projet soutenenace\projet\smarthealth\BACKEND\node_modules\router\lib\layer.js:152:17)
    at next (C:\Users\BERIOLE\Desktop\Projet soutenenace\projet\smarthealth\BACKEND\node_modules\router\lib\route.js:157:13)
    at next (C:\Users\BERIOLE\Desktop\Projet soutenenace\projet\smarthealth\BACKEND\middleware\auth.js:26:5)
    at Layer.handleRequest (C:\Users\BERIOLE\Desktop\Projet soutenenace\projet\smarthealth\BACKEND\node_modules\router\lib\layer.js:152:17)
    at next (C:\Users\BERIOLE\Desktop\Projet soutenenace\projet\smarthealth\BACKEND\node_modules\router\lib\route.js:157:13)
    at next (C:\Users\BERIOLE\Desktop\Projet soutenenace\projet\smarthealth\BACKEND\middleware\auth.js:15:5)
    at Layer.handleRequest (C:\Users\BERIOLE\Desktop\Projet soutenenace\projet\smarthealth\BACKEND\node_modules\router\lib\layer.js:152:17)
    at next (C:\Users\BERIOLE\Desktop\Projet soutenenace\projet\smarthealth\BACKEND\node_modules\router\lib\route.js:157:13)
    at Route.dispatch (C:\Users\BERIOLE\Desktop\Projet soutenenace\projet\smarthealth\BACKEND\node_modules\router\lib\route.js:117:3)
    at handle (C:\Users\BERIOLE\Desktop\Projet soutenenace\projet\smarthealth\BACKEND\node_modules\router\index.js:435:11)
    at Layer.handleRequest (C:\Users\BERIOLE\Desktop\Projet soutenenace\projet\smarthealth\BACKEND\node_modules\router\lib\layer.js:152:17)
    at C:\Users\BERIOLE\Desktop\Projet soutenenace\projet\smarthealth\BACKEND\node_modules\router\index.js:295:15
    at param (C:\Users\BERIOLE\Desktop\Projet soutenenace\projet\smarthealth\BACKEND\node_modules\router\index.js:600:14)
    at param (C:\Users\BERIOLE\Desktop\Projet soutenenace\projet\smarthealth\BACKEND\node_modules\router\index.js:610:14)
    at processParams (C:\Users\BERIOLE\Desktop\Projet soutenenace\projet\smarthealth\BACKEND\node_modules\router\index.js:664:3)
    at next (C:\Users\BERIOLE\Desktop\Projet soutenenace\projet\smarthealth\BACKEND\node_modules\router\index.js:291:5)
    at Function.handle (C:\Users\BERIOLE\Desktop\Projet soutenenace\projet\smarthealth\BACKEND\node_modules\router\index.js:186:3)
    at router (C:\Users\BERIOLE\Desktop\Projet soutenenace\projet\smarthealth\BACKEND\node_modules\router\index.js:60:12)
    at Layer.handleRequest (C:\Users\BERIOLE\Desktop\Projet soutenenace\projet\smarthealth\BACKEND\node_modules\router\lib\layer.js:152:17)
    at trimPrefix (C:\Users\BERIOLE\Desktop\Projet soutenenace\projet\smarthealth\BACKEND\node_modules\router\index.js:342:13)
    at C:\Users\BERIOLE\Desktop\Projet soutenenace\projet\smarthealth\BACKEND\node_modules\router\index.js:297:9
    at processParams (C:\Users\BERIOLE\Desktop\Projet soutenenace\projet\smarthealth\BACKEND\node_modules\router\index.js:582:12)
    at next (C:\Users\BERIOLE\Desktop\Projet soutenenace\projet\smarthealth\BACKEND\node_modules\router\index.js:291:5)
    at logger (C:\Users\BERIOLE\Desktop\Projet soutenenace\projet\smarthealth\BACKEND\node_modules\morgan\index.js:144:5)
    at Layer.handleRequest (C:\Users\BERIOLE\Desktop\Projet soutenenace\projet\smarthealth\BACKEND\node_modules\router\lib\layer.js:152:17)
    at trimPrefix (C:\Users\BERIOLE\Desktop\Projet soutenenace\projet\smarthealth\BACKEND\node_modules\router\index.js:342:13)
    at C:\Users\BERIOLE\Desktop\Projet soutenenace\projet\smarthealth\BACKEND\node_modules\router\index.js:297:9
    at processParams (C:\Users\BERIOLE\Desktop\Projet soutenenace\projet\smarthealth\BACKEND\node_modules\router\index.js:582:12)
    at next (C:\Users\BERIOLE\Desktop\Projet soutenenace\projet\smarthealth\BACKEND\node_modules\router\index.js:291:5)
    at read (C:\Users\BERIOLE\Desktop\Projet soutenenace\projet\smarthealth\BACKEND\node_modules\body-parser\lib\read.js:53:5)
    at urlencodedParser (C:\Users\BERIOLE\Desktop\Projet soutenenace\projet\smarthealth\BACKEND\node_modules\body-parser\lib\types\urlencoded.js:57:5)
    at Layer.handleRequest (C:\Users\BERIOLE\Desktop\Projet soutenenace\projet\smarthealth\BACKEND\node_modules\router\lib\layer.js:152:17)
    at trimPrefix (C:\Users\BERIOLE\Desktop\Projet soutenenace\projet\smarthealth\BACKEND\node_modules\router\index.js:342:13)
    at C:\Users\BERIOLE\Desktop\Projet soutenenace\projet\smarthealth\BACKEND\node_modules\router\index.js:297:9
    at processParams (C:\Users\BERIOLE\Desktop\Projet soutenenace\projet\smarthealth\BACKEND\node_modules\router\index.js:582:12)
    at next (C:\Users\BERIOLE\Desktop\Projet soutenenace\projet\smarthealth\BACKEND\node_modules\router\index.js:291:5)
    at read (C:\Users\BERIOLE\Desktop\Projet soutenenace\projet\smarthealth\BACKEND\node_modules\body-parser\lib\read.js:53:5)
    at jsonParser (C:\Users\BERIOLE\Desktop\Projet soutenenace\projet\smarthealth\BACKEND\node_modules\body-parser\lib\types\json.js:88:5)
    at Layer.handleRequest (C:\Users\BERIOLE\Desktop\Projet soutenenace\projet\smarthealth\BACKEND\node_modules\router\lib\layer.js:152:17)
    at trimPrefix (C:\Users\BERIOLE\Desktop\Projet soutenenace\projet\smarthealth\BACKEND\node_modules\router\index.js:342:13)
    at C:\Users\BERIOLE\Desktop\Projet soutenenace\projet\smarthealth\BACKEND\node_modules\router\index.js:297:9
    at processParams (C:\Users\BERIOLE\Desktop\Projet soutenenace\projet\smarthealth\BACKEND\node_modules\router\index.js:582:12)
    at next (C:\Users\BERIOLE\Desktop\Projet soutenenace\projet\smarthealth\BACKEND\node_modules\router\index.js:291:5)
    at cors (C:\Users\BERIOLE\Desktop\Projet soutenenace\projet\smarthealth\BACKEND\node_modules\cors\lib\index.js:188:7)
    at C:\Users\BERIOLE\Desktop\Projet soutenenace\projet\smarthealth\BACKEND\node_modules\cors\lib\index.js:224:17
    at originCallback (C:\Users\BERIOLE\Desktop\Projet soutenenace\projet\smarthealth\BACKEND\node_modules\cors\lib\index.js:214:15)
    at C:\Users\BERIOLE\Desktop\Projet soutenenace\projet\smarthealth\BACKEND\node_modules\cors\lib\index.js:219:13
    at optionsCallback (C:\Users\BERIOLE\Desktop\Projet soutenenace\projet\smarthealth\BACKEND\node_modules\cors\lib\index.js:199:9)
    at corsMiddleware (C:\Users\BERIOLE\Desktop\Projet soutenenace\projet\smarthealth\BACKEND\node_modules\cors\lib\index.js:204:7)
    at Layer.handleRequest (C:\Users\BERIOLE\Desktop\Projet soutenenace\projet\smarthealth\BACKEND\node_modules\router\lib\layer.js:152:17)
    at trimPrefix (C:\Users\BERIOLE\Desktop\Projet soutenenace\projet\smarthealth\BACKEND\node_modules\router\index.js:342:13)
    at C:\Users\BERIOLE\Desktop\Projet soutenenace\projet\smarthealth\BACKEND\node_modules\router\index.js:297:9
    at processParams (C:\Users\BERIOLE\Desktop\Projet soutenenace\projet\smarthealth\BACKEND\node_modules\router\index.js:582:12)
    at next (C:\Users\BERIOLE\Desktop\Projet soutenenace\projet\smarthealth\BACKEND\node_modules\router\index.js:291:5)
    at internalNext (C:\Users\BERIOLE\Desktop\Projet soutenenace\projet\smarthealth\BACKEND\node_modules\helmet\index.cjs:531:6)
    at xXssProtectionMiddleware (C:\Users\BERIOLE\Desktop\Projet soutenenace\projet\smarthealth\BACKEND\node_modules\helmet\index.cjs:311:3)
    at internalNext (C:\Users\BERIOLE\Desktop\Projet soutenenace\projet\smarthealth\BACKEND\node_modules\helmet\index.cjs:529:6)
    at xPoweredByMiddleware (C:\Users\BERIOLE\Desktop\Projet soutenenace\projet\smarthealth\BACKEND\node_modules\helmet\index.cjs:304:3)
    at internalNext (C:\Users\BERIOLE\Desktop\Projet soutenenace\projet\smarthealth\BACKEND\node_modules\helmet\index.cjs:529:6)
    at xPermittedCrossDomainPoliciesMiddleware (C:\Users\BERIOLE\Desktop\Projet soutenenace\projet\smarthealth\BACKEND\node_modules\helmet\index.cjs:297:3)
    at internalNext (C:\Users\BERIOLE\Desktop\Projet soutenenace\projet\smarthealth\BACKEND\node_modules\helmet\index.cjs:529:6)
    at xFrameOptionsMiddleware (C:\Users\BERIOLE\Desktop\Projet soutenenace\projet\smarthealth\BACKEND\node_modules\helmet\index.cjs:281:3)
    at internalNext (C:\Users\BERIOLE\Desktop\Projet soutenenace\projet\smarthealth\BACKEND\node_modules\helmet\index.cjs:529:6)
    at xDownloadOptionsMiddleware (C:\Users\BERIOLE\Desktop\Projet soutenenace\projet\smarthealth\BACKEND\node_modules\helmet\index.cjs:261:3)
    at internalNext (C:\Users\BERIOLE\Desktop\Projet soutenenace\projet\smarthealth\BACKEND\node_modules\helmet\index.cjs:529:6)
    at xDnsPrefetchControlMiddleware (C:\Users\BERIOLE\Desktop\Projet soutenenace\projet\smarthealth\BACKEND\node_modules\helmet\index.cjs:254:3)
    at internalNext (C:\Users\BERIOLE\Desktop\Projet soutenenace\projet\smarthealth\BACKEND\node_modules\helmet\index.cjs:529:6)
    at xContentTypeOptionsMiddleware (C:\Users\BERIOLE\Desktop\Projet soutenenace\projet\smarthealth\BACKEND\node_modules\helmet\index.cjs:246:3)
    at internalNext (C:\Users\BERIOLE\Desktop\Projet soutenenace\projet\smarthealth\BACKEND\node_modules\helmet\index.cjs:529:6)
    at strictTransportSecurityMiddleware (C:\Users\BERIOLE\Desktop\Projet soutenenace\projet\smarthealth\BACKEND\node_modules\helmet\index.cjs:239:3)
    at internalNext (C:\Users\BERIOLE\Desktop\Projet soutenenace\projet\smarthealth\BACKEND\node_modules\helmet\index.cjs:529:6)
    at referrerPolicyMiddleware (C:\Users\BERIOLE\Desktop\Projet soutenenace\projet\smarthealth\BACKEND\node_modules\helmet\index.cjs:207:3)
    at internalNext (C:\Users\BERIOLE\Desktop\Projet soutenenace\projet\smarthealth\BACKEND\node_modules\helmet\index.cjs:529:6)
    at originAgentClusterMiddleware (C:\Users\BERIOLE\Desktop\Projet soutenenace\projet\smarthealth\BACKEND\node_modules\helmet\index.cjs:182:3)
    at internalNext (C:\Users\BERIOLE\Desktop\Projet soutenenace\projet\smarthealth\BACKEND\node_modules\helmet\index.cjs:529:6)
    at crossOriginResourcePolicyMiddleware (C:\Users\BERIOLE\Desktop\Projet soutenenace\projet\smarthealth\BACKEND\node_modules\helmet\index.cjs:175:3)
    at internalNext (C:\Users\BERIOLE\Desktop\Projet soutenenace\projet\smarthealth\BACKEND\node_modules\helmet\index.cjs:529:6)
    at crossOriginOpenerPolicyMiddleware (C:\Users\BERIOLE\Desktop\Projet soutenenace\projet\smarthealth\BACKEND\node_modules\helmet\index.cjs:159:3)
    at internalNext (C:\Users\BERIOLE\Desktop\Projet soutenenace\projet\smarthealth\BACKEND\node_modules\helmet\index.cjs:529:6)
    at contentSecurityPolicyMiddleware (C:\Users\BERIOLE\Desktop\Projet soutenenace\projet\smarthealth\BACKEND\node_modules\helmet\index.cjs:124:4)
    at internalNext (C:\Users\BERIOLE\Desktop\Projet soutenenace\projet\smarthealth\BACKEND\node_modules\helmet\index.cjs:529:6)
    at helmetMiddleware (C:\Users\BERIOLE\Desktop\Projet soutenenace\projet\smarthealth\BACKEND\node_modules\helmet\index.cjs:533:6)
    at Layer.handleRequest (C:\Users\BERIOLE\Desktop\Projet soutenenace\projet\smarthealth\BACKEND\node_modules\router\lib\layer.js:152:17)
    at trimPrefix (C:\Users\BERIOLE\Desktop\Projet soutenenace\projet\smarthealth\BACKEND\node_modules\router\index.js:342:13)
    at C:\Users\BERIOLE\Desktop\Projet soutenenace\projet\smarthealth\BACKEND\node_modules\router\index.js:297:9
    at processParams (C:\Users\BERIOLE\Desktop\Projet soutenenace\projet\smarthealth\BACKEND\node_modules\router\index.js:582:12)
    at next (C:\Users\BERIOLE\Desktop\Projet soutenenace\projet\smarthealth\BACKEND\node_modules\router\index.js:291:5)
    at Function.handle (C:\Users\BERIOLE\Desktop\Projet soutenenace\projet\smarthealth\BACKEND\node_modules\router\index.js:186:3)
    at Function.handle (C:\Users\BERIOLE\Desktop\Projet soutenenace\projet\smarthealth\BACKEND\node_modules\express\lib\application.js:177:15)
    at Server.app (C:\Users\BERIOLE\Desktop\Projet soutenenace\projet\smarthealth\BACKEND\node_modules\express\lib\express.js:38:9)
    at Server.emit (node:events:524:28)
    at parserOnIncoming (node:_http_server:1141:12)
    at HTTPParser.parserOnHeadersComplete (node:_http_common:118:17)
2026-04-29 14:49:48 [ERROR]: PrismaClientValidationError: 
Invalid `prisma.triageIa.create()` invocation in
C:\Users\BERIOLE\Desktop\Projet soutenenace\projet\smarthealth\BACKEND\controllers\triageController.js:46:42

  43 
  44 exports.create = async (req, res, next) => {
  45   try {
→ 46     const triage = await prisma.triageIa.create({
           data: {
             symptomes: "Fievre, toux, fatigue",
             age: 30,
             sexe: "M",
         +   symptomes_declares: JsonNullValueInput | Json
           }
         })

Argument `symptomes_declares` is missing.
    at ar (C:\Users\BERIOLE\Desktop\Projet soutenenace\projet\smarthealth\BACKEND\node_modules\@prisma\client\src\runtime\core\errorRendering\throwValidationException.ts:46:9)
    at Gr.throwValidationException [as handleRequestError] (C:\Users\BERIOLE\Desktop\Projet soutenenace\projet\smarthealth\BACKEND\node_modules\@prisma\client\src\runtime\RequestHandler.ts:211:7)
    at Gr.handleAndLogRequestError (C:\Users\BERIOLE\Desktop\Projet soutenenace\projet\smarthealth\BACKEND\node_modules\@prisma\client\src\runtime\RequestHandler.ts:183:12)
    at Gr.request (C:\Users\BERIOLE\Desktop\Projet soutenenace\projet\smarthealth\BACKEND\node_modules\@prisma\client\src\runtime\RequestHandler.ts:152:12)
    at processTicksAndRejections (node:internal/process/task_queues:95:5)
    at a (C:\Users\BERIOLE\Desktop\Projet soutenenace\projet\smarthealth\BACKEND\node_modules\@prisma\client\src\runtime\getPrismaClient.ts:938:24)
    at exports.create (C:\Users\BERIOLE\Desktop\Projet soutenenace\projet\smarthealth\BACKEND\controllers\triageController.js:46:20)
2026-04-29 14:49:49 [ERROR]: PrismaClientValidationError: 
Invalid `prisma.patient.findMany()` invocation in
C:\Users\BERIOLE\Desktop\Projet soutenenace\projet\smarthealth\BACKEND\services\patientService.js:36:22

  33 const skip = (page - 1) * limit;
  34 
  35 const [data, total] = await Promise.all([
→ 36   prisma.patient.findMany({
         skip: 0,
         take: "10",
               ~~~~
         include: {
           utilisateur: true
         },
         orderBy: {
           date_enregistrement: "desc"
         }
       })

Argument `take`: Invalid value provided. Expected Int, provided String.
    at ar (C:\Users\BERIOLE\Desktop\Projet soutenenace\projet\smarthealth\BACKEND\node_modules\@prisma\client\src\runtime\core\errorRendering\throwValidationException.ts:46:9)
    at Gr.throwValidationException [as handleRequestError] (C:\Users\BERIOLE\Desktop\Projet soutenenace\projet\smarthealth\BACKEND\node_modules\@prisma\client\src\runtime\RequestHandler.ts:211:7)
    at Gr.handleAndLogRequestError (C:\Users\BERIOLE\Desktop\Projet soutenenace\projet\smarthealth\BACKEND\node_modules\@prisma\client\src\runtime\RequestHandler.ts:183:12)
    at Gr.request (C:\Users\BERIOLE\Desktop\Projet soutenenace\projet\smarthealth\BACKEND\node_modules\@prisma\client\src\runtime\RequestHandler.ts:152:12)
    at processTicksAndRejections (node:internal/process/task_queues:95:5)
    at a (C:\Users\BERIOLE\Desktop\Projet soutenenace\projet\smarthealth\BACKEND\node_modules\@prisma\client\src\runtime\getPrismaClient.ts:938:24)
    at async Promise.all (index 0)
    at PatientService.findAll (C:\Users\BERIOLE\Desktop\Projet soutenenace\projet\smarthealth\BACKEND\services\patientService.js:35:27)
    at exports.getAll (C:\Users\BERIOLE\Desktop\Projet soutenenace\projet\smarthealth\BACKEND\controllers\patientController.js:8:20)
2026-04-29 14:50:09 [ERROR]: PrismaClientValidationError: 
Invalid `tx.rappelTraitement.create()` invocation in
C:\Users\BERIOLE\Desktop\Projet soutenenace\projet\smarthealth\BACKEND\controllers\rappelController.js:19:51

  16 if (start >= end) throw new ValidationError('La date de fin doit être après la date de début.');
  17 
  18 const rappel = await prisma.$transaction(async (tx) => {
→ 19   const newRappel = await tx.rappelTraitement.create({
         data: {
           id_patient: "c638b31e-d371-49bc-9fc8-c3bc01a0dfc0",
           id_ordonnance: undefined,
           id_medicament: null,
           frequence: undefined,
           heure_prise: undefined,
           date_debut: new Date("2026-04-29T13:50:09.185Z"),
           date_fin: new Date("Invalid Date"),
                     ~~~~~~~~~~~~~~~~~~~~~~~~
           canal_notification: "sms",
           alerte_tuteur_active: false
         }
       })

Invalid value for argument `date_fin`: Provided Date object is invalid. Expected Date.
    at ar (C:\Users\BERIOLE\Desktop\Projet soutenenace\projet\smarthealth\BACKEND\node_modules\@prisma\client\src\runtime\core\errorRendering\throwValidationException.ts:46:9)
    at e.throwValidationException [as throwValidationError] (C:\Users\BERIOLE\Desktop\Projet soutenenace\projet\smarthealth\BACKEND\node_modules\@prisma\client\src\runtime\core\jsonProtocol\serializeJsonQuery.ts:458:5)
    at Ao (C:\Users\BERIOLE\Desktop\Projet soutenenace\projet\smarthealth\BACKEND\node_modules\@prisma\client\src\runtime\core\jsonProtocol\serializeJsonQuery.ts:288:15)
    at serializeArgumentsValue (C:\Users\BERIOLE\Desktop\Projet soutenenace\projet\smarthealth\BACKEND\node_modules\@prisma\client\src\runtime\core\jsonProtocol\serializeJsonQuery.ts:374:21)
    at serializeArgumentsObject (C:\Users\BERIOLE\Desktop\Projet soutenenace\projet\smarthealth\BACKEND\node_modules\@prisma\client\src\runtime\core\jsonProtocol\serializeJsonQuery.ts:340:12)
    at serializeArgumentsValue (C:\Users\BERIOLE\Desktop\Projet soutenenace\projet\smarthealth\BACKEND\node_modules\@prisma\client\src\runtime\core\jsonProtocol\serializeJsonQuery.ts:374:21)
    at serializeArgumentsObject (C:\Users\BERIOLE\Desktop\Projet soutenenace\projet\smarthealth\BACKEND\node_modules\@prisma\client\src\runtime\core\jsonProtocol\serializeJsonQuery.ts:127:16)
    at serializeFieldSelection (C:\Users\BERIOLE\Desktop\Projet soutenenace\projet\smarthealth\BACKEND\node_modules\@prisma\client\src\runtime\core\jsonProtocol\serializeJsonQuery.ts:116:12)
    at serializeJsonQuery (C:\Users\BERIOLE\Desktop\Projet soutenenace\projet\smarthealth\BACKEND\node_modules\@prisma\client\src\runtime\getPrismaClient.ts:993:11)
    at Object.callback [as runInChildSpan] (C:\Users\BERIOLE\Desktop\Projet soutenenace\projet\smarthealth\BACKEND\node_modules\@prisma\client\src\runtime\core\tracing\TracingHelper.ts:28:12)
    at di.runInChildSpan (C:\Users\BERIOLE\Desktop\Projet soutenenace\projet\smarthealth\BACKEND\node_modules\@prisma\client\src\runtime\core\tracing\TracingHelper.ts:53:36)
    at Proxy._executeRequest (C:\Users\BERIOLE\Desktop\Projet soutenenace\projet\smarthealth\BACKEND\node_modules\@prisma\client\src\runtime\getPrismaClient.ts:992:45)
    at Yo (C:\Users\BERIOLE\Desktop\Projet soutenenace\projet\smarthealth\BACKEND\node_modules\@prisma\client\src\runtime\core\extensions\applyQueryExtensions.ts:58:19)
    at applyQueryExtensions (C:\Users\BERIOLE\Desktop\Projet soutenenace\projet\smarthealth\BACKEND\node_modules\@prisma\client\src\runtime\getPrismaClient.ts:938:30)
    at consumer (C:\Users\BERIOLE\Desktop\Projet soutenenace\projet\smarthealth\BACKEND\node_modules\@prisma\client\src\runtime\getPrismaClient.ts:964:49)
    at AsyncResource.runInAsyncScope (node:async_hooks:206:9)
    at C:\Users\BERIOLE\Desktop\Projet soutenenace\projet\smarthealth\BACKEND\node_modules\@prisma\client\src\runtime\getPrismaClient.ts:964:27
    at Object.callback [as runInChildSpan] (C:\Users\BERIOLE\Desktop\Projet soutenenace\projet\smarthealth\BACKEND\node_modules\@prisma\client\src\runtime\core\tracing\TracingHelper.ts:28:12)
    at di.runInChildSpan (C:\Users\BERIOLE\Desktop\Projet soutenenace\projet\smarthealth\BACKEND\node_modules\@prisma\client\src\runtime\core\tracing\TracingHelper.ts:53:36)
    at Proxy._request (C:\Users\BERIOLE\Desktop\Projet soutenenace\projet\smarthealth\BACKEND\node_modules\@prisma\client\src\runtime\getPrismaClient.ts:960:34)
    at e._createPrismaPromise.action (C:\Users\BERIOLE\Desktop\Projet soutenenace\projet\smarthealth\BACKEND\node_modules\@prisma\client\src\runtime\core\model\applyModel.ts:103:27)
    at callback (C:\Users\BERIOLE\Desktop\Projet soutenenace\projet\smarthealth\BACKEND\node_modules\@prisma\client\src\runtime\core\request\createPrismaPromise.ts:34:46)
    at Proxy._callback (C:\Users\BERIOLE\Desktop\Projet soutenenace\projet\smarthealth\BACKEND\node_modules\@prisma\client\src\runtime\core\request\createPrismaPromise.ts:52:16)
    at processTicksAndRejections (node:internal/process/task_queues:95:5)
2026-04-29 14:50:14 [ERROR]: PrismaClientValidationError: 
Invalid `prisma.patient.findUnique()` invocation in
C:\Users\BERIOLE\Desktop\Projet soutenenace\projet\smarthealth\BACKEND\controllers\ordonnanceController.js:67:42

  64 const { lignes, id_patient, ...ordonnanceData } = req.body;
  65 
  66 // Récupérer le patient pour récupérer son e-mail
→ 67 const patient = await prisma.patient.findUnique({
       where: {
         id_patient: undefined,
     ?   id_utilisateur?: String,
     ?   numero_carnet?: String,
     ?   AND?: PatientWhereInput | PatientWhereInput[],
     ?   OR?: PatientWhereInput[],
     ?   NOT?: PatientWhereInput | PatientWhereInput[],
     ?   groupe_sanguin?: EnumGroupeSanguinNullableFilter | GroupeSanguin | Null,
     ?   poids_kg?: DecimalNullableFilter | Decimal | Null,
     ?   taille_cm?: IntNullableFilter | Int | Null,
     ?   allergies_connues?: StringNullableFilter | String | Null,
     ?   antecedents_medicaux?: StringNullableFilter | String | Null,
     ?   maladies_chroniques?: JsonNullableFilter,
     ?   id_tuteur?: StringNullableFilter | String | Null,
     ?   consentement_donnees?: BoolFilter | Boolean,
     ?   date_enregistrement?: DateTimeFilter | DateTime,
     ?   utilisateur?: UtilisateurScalarRelationFilter | UtilisateurWhereInput,
     ?   tuteur?: UtilisateurNullableScalarRelationFilter | UtilisateurWhereInput | Null,
     ?   carnet?: CarnetSanteNullableScalarRelationFilter | CarnetSanteWhereInput | Null,
     ?   consultations?: ConsultationListRelationFilter,
     ?   ordonnances?: OrdonnanceListRelationFilter,
     ?   commandes?: CommandeListRelationFilter,
     ?   rappels?: RappelTraitementListRelationFilter,
     ?   triages?: TriageIaListRelationFilter,
     ?   interventions?: InterventionDomicileListRelationFilter
       },
       include: {
         utilisateur: true
       }
     })

Argument `where` of type PatientWhereUniqueInput needs at least one of `id_patient`, `id_utilisateur` or `numero_carnet` arguments. Available options are marked with ?.
    at ar (C:\Users\BERIOLE\Desktop\Projet soutenenace\projet\smarthealth\BACKEND\node_modules\@prisma\client\src\runtime\core\errorRendering\throwValidationException.ts:46:9)
    at Gr.throwValidationException [as handleRequestError] (C:\Users\BERIOLE\Desktop\Projet soutenenace\projet\smarthealth\BACKEND\node_modules\@prisma\client\src\runtime\RequestHandler.ts:211:7)
    at Gr.handleAndLogRequestError (C:\Users\BERIOLE\Desktop\Projet soutenenace\projet\smarthealth\BACKEND\node_modules\@prisma\client\src\runtime\RequestHandler.ts:183:12)
    at Gr.request (C:\Users\BERIOLE\Desktop\Projet soutenenace\projet\smarthealth\BACKEND\node_modules\@prisma\client\src\runtime\RequestHandler.ts:152:12)
    at processTicksAndRejections (node:internal/process/task_queues:95:5)
    at a (C:\Users\BERIOLE\Desktop\Projet soutenenace\projet\smarthealth\BACKEND\node_modules\@prisma\client\src\runtime\getPrismaClient.ts:938:24)
    at exports.create (C:\Users\BERIOLE\Desktop\Projet soutenenace\projet\smarthealth\BACKEND\controllers\ordonnanceController.js:67:21)
2026-04-29 14:50:17 [ERROR]: PrismaClientValidationError: 
Invalid `prisma.triageIa.create()` invocation in
C:\Users\BERIOLE\Desktop\Projet soutenenace\projet\smarthealth\BACKEND\controllers\triageController.js:46:42

  43 
  44 exports.create = async (req, res, next) => {
  45   try {
→ 46     const triage = await prisma.triageIa.create({
           data: {
             symptomes: "Fievre, toux, maux de tete",
             age: 25,
             sexe: "F",
             antecedents: "Aucun",
         +   symptomes_declares: JsonNullValueInput | Json
           }
         })

Argument `symptomes_declares` is missing.
    at ar (C:\Users\BERIOLE\Desktop\Projet soutenenace\projet\smarthealth\BACKEND\node_modules\@prisma\client\src\runtime\core\errorRendering\throwValidationException.ts:46:9)
    at Gr.throwValidationException [as handleRequestError] (C:\Users\BERIOLE\Desktop\Projet soutenenace\projet\smarthealth\BACKEND\node_modules\@prisma\client\src\runtime\RequestHandler.ts:211:7)
    at Gr.handleAndLogRequestError (C:\Users\BERIOLE\Desktop\Projet soutenenace\projet\smarthealth\BACKEND\node_modules\@prisma\client\src\runtime\RequestHandler.ts:183:12)
    at Gr.request (C:\Users\BERIOLE\Desktop\Projet soutenenace\projet\smarthealth\BACKEND\node_modules\@prisma\client\src\runtime\RequestHandler.ts:152:12)
    at processTicksAndRejections (node:internal/process/task_queues:95:5)
    at a (C:\Users\BERIOLE\Desktop\Projet soutenenace\projet\smarthealth\BACKEND\node_modules\@prisma\client\src\runtime\getPrismaClient.ts:938:24)
    at exports.create (C:\Users\BERIOLE\Desktop\Projet soutenenace\projet\smarthealth\BACKEND\controllers\triageController.js:46:20)
2026-04-29 14:50:18 [ERROR]: PrismaClientValidationError: 
Invalid `prisma.triageIa.create()` invocation in
C:\Users\BERIOLE\Desktop\Projet soutenenace\projet\smarthealth\BACKEND\controllers\triageController.js:46:42

  43 
  44 exports.create = async (req, res, next) => {
  45   try {
→ 46     const triage = await prisma.triageIa.create({
           data: {
         +   symptomes_declares: JsonNullValueInput | Json
           }
         })

Argument `symptomes_declares` is missing.
    at ar (C:\Users\BERIOLE\Desktop\Projet soutenenace\projet\smarthealth\BACKEND\node_modules\@prisma\client\src\runtime\core\errorRendering\throwValidationException.ts:46:9)
    at Gr.throwValidationException [as handleRequestError] (C:\Users\BERIOLE\Desktop\Projet soutenenace\projet\smarthealth\BACKEND\node_modules\@prisma\client\src\runtime\RequestHandler.ts:211:7)
    at Gr.handleAndLogRequestError (C:\Users\BERIOLE\Desktop\Projet soutenenace\projet\smarthealth\BACKEND\node_modules\@prisma\client\src\runtime\RequestHandler.ts:183:12)
    at Gr.request (C:\Users\BERIOLE\Desktop\Projet soutenenace\projet\smarthealth\BACKEND\node_modules\@prisma\client\src\runtime\RequestHandler.ts:152:12)
    at processTicksAndRejections (node:internal/process/task_queues:95:5)
    at a (C:\Users\BERIOLE\Desktop\Projet soutenenace\projet\smarthealth\BACKEND\node_modules\@prisma\client\src\runtime\getPrismaClient.ts:938:24)
    at exports.create (C:\Users\BERIOLE\Desktop\Projet soutenenace\projet\smarthealth\BACKEND\controllers\triageController.js:46:20)
2026-04-29 14:50:21 [ERROR]: TypeError: Cannot read properties of undefined (reading 'findMany')
    at findMany (C:\Users\BERIOLE\Desktop\Projet soutenenace\projet\smarthealth\BACKEND\controllers\adminB2bController.js:16:52)
    at Layer.handleRequest (C:\Users\BERIOLE\Desktop\Projet soutenenace\projet\smarthealth\BACKEND\node_modules\router\lib\layer.js:152:17)
    at next (C:\Users\BERIOLE\Desktop\Projet soutenenace\projet\smarthealth\BACKEND\node_modules\router\lib\route.js:157:13)
    at next (C:\Users\BERIOLE\Desktop\Projet soutenenace\projet\smarthealth\BACKEND\middleware\auth.js:26:5)
    at Layer.handleRequest (C:\Users\BERIOLE\Desktop\Projet soutenenace\projet\smarthealth\BACKEND\node_modules\router\lib\layer.js:152:17)
    at next (C:\Users\BERIOLE\Desktop\Projet soutenenace\projet\smarthealth\BACKEND\node_modules\router\lib\route.js:157:13)
    at next (C:\Users\BERIOLE\Desktop\Projet soutenenace\projet\smarthealth\BACKEND\middleware\auth.js:15:5)
    at Layer.handleRequest (C:\Users\BERIOLE\Desktop\Projet soutenenace\projet\smarthealth\BACKEND\node_modules\router\lib\layer.js:152:17)
    at next (C:\Users\BERIOLE\Desktop\Projet soutenenace\projet\smarthealth\BACKEND\node_modules\router\lib\route.js:157:13)
    at Route.dispatch (C:\Users\BERIOLE\Desktop\Projet soutenenace\projet\smarthealth\BACKEND\node_modules\router\lib\route.js:117:3)
    at handle (C:\Users\BERIOLE\Desktop\Projet soutenenace\projet\smarthealth\BACKEND\node_modules\router\index.js:435:11)
    at Layer.handleRequest (C:\Users\BERIOLE\Desktop\Projet soutenenace\projet\smarthealth\BACKEND\node_modules\router\lib\layer.js:152:17)
    at C:\Users\BERIOLE\Desktop\Projet soutenenace\projet\smarthealth\BACKEND\node_modules\router\index.js:295:15
    at processParams (C:\Users\BERIOLE\Desktop\Projet soutenenace\projet\smarthealth\BACKEND\node_modules\router\index.js:582:12)
    at next (C:\Users\BERIOLE\Desktop\Projet soutenenace\projet\smarthealth\BACKEND\node_modules\router\index.js:291:5)
    at Function.handle (C:\Users\BERIOLE\Desktop\Projet soutenenace\projet\smarthealth\BACKEND\node_modules\router\index.js:186:3)
    at router (C:\Users\BERIOLE\Desktop\Projet soutenenace\projet\smarthealth\BACKEND\node_modules\router\index.js:60:12)
    at Layer.handleRequest (C:\Users\BERIOLE\Desktop\Projet soutenenace\projet\smarthealth\BACKEND\node_modules\router\lib\layer.js:152:17)
    at trimPrefix (C:\Users\BERIOLE\Desktop\Projet soutenenace\projet\smarthealth\BACKEND\node_modules\router\index.js:342:13)
    at C:\Users\BERIOLE\Desktop\Projet soutenenace\projet\smarthealth\BACKEND\node_modules\router\index.js:297:9
    at processParams (C:\Users\BERIOLE\Desktop\Projet soutenenace\projet\smarthealth\BACKEND\node_modules\router\index.js:582:12)
    at next (C:\Users\BERIOLE\Desktop\Projet soutenenace\projet\smarthealth\BACKEND\node_modules\router\index.js:291:5)
    at logger (C:\Users\BERIOLE\Desktop\Projet soutenenace\projet\smarthealth\BACKEND\node_modules\morgan\index.js:144:5)
    at Layer.handleRequest (C:\Users\BERIOLE\Desktop\Projet soutenenace\projet\smarthealth\BACKEND\node_modules\router\lib\layer.js:152:17)
    at trimPrefix (C:\Users\BERIOLE\Desktop\Projet soutenenace\projet\smarthealth\BACKEND\node_modules\router\index.js:342:13)
    at C:\Users\BERIOLE\Desktop\Projet soutenenace\projet\smarthealth\BACKEND\node_modules\router\index.js:297:9
    at processParams (C:\Users\BERIOLE\Desktop\Projet soutenenace\projet\smarthealth\BACKEND\node_modules\router\index.js:582:12)
    at next (C:\Users\BERIOLE\Desktop\Projet soutenenace\projet\smarthealth\BACKEND\node_modules\router\index.js:291:5)
    at read (C:\Users\BERIOLE\Desktop\Projet soutenenace\projet\smarthealth\BACKEND\node_modules\body-parser\lib\read.js:53:5)
    at urlencodedParser (C:\Users\BERIOLE\Desktop\Projet soutenenace\projet\smarthealth\BACKEND\node_modules\body-parser\lib\types\urlencoded.js:57:5)
    at Layer.handleRequest (C:\Users\BERIOLE\Desktop\Projet soutenenace\projet\smarthealth\BACKEND\node_modules\router\lib\layer.js:152:17)
    at trimPrefix (C:\Users\BERIOLE\Desktop\Projet soutenenace\projet\smarthealth\BACKEND\node_modules\router\index.js:342:13)
    at C:\Users\BERIOLE\Desktop\Projet soutenenace\projet\smarthealth\BACKEND\node_modules\router\index.js:297:9
    at processParams (C:\Users\BERIOLE\Desktop\Projet soutenenace\projet\smarthealth\BACKEND\node_modules\router\index.js:582:12)
    at next (C:\Users\BERIOLE\Desktop\Projet soutenenace\projet\smarthealth\BACKEND\node_modules\router\index.js:291:5)
    at read (C:\Users\BERIOLE\Desktop\Projet soutenenace\projet\smarthealth\BACKEND\node_modules\body-parser\lib\read.js:53:5)
    at jsonParser (C:\Users\BERIOLE\Desktop\Projet soutenenace\projet\smarthealth\BACKEND\node_modules\body-parser\lib\types\json.js:88:5)
    at Layer.handleRequest (C:\Users\BERIOLE\Desktop\Projet soutenenace\projet\smarthealth\BACKEND\node_modules\router\lib\layer.js:152:17)
    at trimPrefix (C:\Users\BERIOLE\Desktop\Projet soutenenace\projet\smarthealth\BACKEND\node_modules\router\index.js:342:13)
    at C:\Users\BERIOLE\Desktop\Projet soutenenace\projet\smarthealth\BACKEND\node_modules\router\index.js:297:9
    at processParams (C:\Users\BERIOLE\Desktop\Projet soutenenace\projet\smarthealth\BACKEND\node_modules\router\index.js:582:12)
    at next (C:\Users\BERIOLE\Desktop\Projet soutenenace\projet\smarthealth\BACKEND\node_modules\router\index.js:291:5)
    at cors (C:\Users\BERIOLE\Desktop\Projet soutenenace\projet\smarthealth\BACKEND\node_modules\cors\lib\index.js:188:7)
    at C:\Users\BERIOLE\Desktop\Projet soutenenace\projet\smarthealth\BACKEND\node_modules\cors\lib\index.js:224:17
    at originCallback (C:\Users\BERIOLE\Desktop\Projet soutenenace\projet\smarthealth\BACKEND\node_modules\cors\lib\index.js:214:15)
    at C:\Users\BERIOLE\Desktop\Projet soutenenace\projet\smarthealth\BACKEND\node_modules\cors\lib\index.js:219:13
    at optionsCallback (C:\Users\BERIOLE\Desktop\Projet soutenenace\projet\smarthealth\BACKEND\node_modules\cors\lib\index.js:199:9)
    at corsMiddleware (C:\Users\BERIOLE\Desktop\Projet soutenenace\projet\smarthealth\BACKEND\node_modules\cors\lib\index.js:204:7)
    at Layer.handleRequest (C:\Users\BERIOLE\Desktop\Projet soutenenace\projet\smarthealth\BACKEND\node_modules\router\lib\layer.js:152:17)
    at trimPrefix (C:\Users\BERIOLE\Desktop\Projet soutenenace\projet\smarthealth\BACKEND\node_modules\router\index.js:342:13)
    at C:\Users\BERIOLE\Desktop\Projet soutenenace\projet\smarthealth\BACKEND\node_modules\router\index.js:297:9
    at processParams (C:\Users\BERIOLE\Desktop\Projet soutenenace\projet\smarthealth\BACKEND\node_modules\router\index.js:582:12)
    at next (C:\Users\BERIOLE\Desktop\Projet soutenenace\projet\smarthealth\BACKEND\node_modules\router\index.js:291:5)
    at internalNext (C:\Users\BERIOLE\Desktop\Projet soutenenace\projet\smarthealth\BACKEND\node_modules\helmet\index.cjs:531:6)
    at xXssProtectionMiddleware (C:\Users\BERIOLE\Desktop\Projet soutenenace\projet\smarthealth\BACKEND\node_modules\helmet\index.cjs:311:3)
    at internalNext (C:\Users\BERIOLE\Desktop\Projet soutenenace\projet\smarthealth\BACKEND\node_modules\helmet\index.cjs:529:6)
    at xPoweredByMiddleware (C:\Users\BERIOLE\Desktop\Projet soutenenace\projet\smarthealth\BACKEND\node_modules\helmet\index.cjs:304:3)
    at internalNext (C:\Users\BERIOLE\Desktop\Projet soutenenace\projet\smarthealth\BACKEND\node_modules\helmet\index.cjs:529:6)
    at xPermittedCrossDomainPoliciesMiddleware (C:\Users\BERIOLE\Desktop\Projet soutenenace\projet\smarthealth\BACKEND\node_modules\helmet\index.cjs:297:3)
    at internalNext (C:\Users\BERIOLE\Desktop\Projet soutenenace\projet\smarthealth\BACKEND\node_modules\helmet\index.cjs:529:6)
    at xFrameOptionsMiddleware (C:\Users\BERIOLE\Desktop\Projet soutenenace\projet\smarthealth\BACKEND\node_modules\helmet\index.cjs:281:3)
    at internalNext (C:\Users\BERIOLE\Desktop\Projet soutenenace\projet\smarthealth\BACKEND\node_modules\helmet\index.cjs:529:6)
    at xDownloadOptionsMiddleware (C:\Users\BERIOLE\Desktop\Projet soutenenace\projet\smarthealth\BACKEND\node_modules\helmet\index.cjs:261:3)
    at internalNext (C:\Users\BERIOLE\Desktop\Projet soutenenace\projet\smarthealth\BACKEND\node_modules\helmet\index.cjs:529:6)
    at xDnsPrefetchControlMiddleware (C:\Users\BERIOLE\Desktop\Projet soutenenace\projet\smarthealth\BACKEND\node_modules\helmet\index.cjs:254:3)
    at internalNext (C:\Users\BERIOLE\Desktop\Projet soutenenace\projet\smarthealth\BACKEND\node_modules\helmet\index.cjs:529:6)
    at xContentTypeOptionsMiddleware (C:\Users\BERIOLE\Desktop\Projet soutenenace\projet\smarthealth\BACKEND\node_modules\helmet\index.cjs:246:3)
    at internalNext (C:\Users\BERIOLE\Desktop\Projet soutenenace\projet\smarthealth\BACKEND\node_modules\helmet\index.cjs:529:6)
    at strictTransportSecurityMiddleware (C:\Users\BERIOLE\Desktop\Projet soutenenace\projet\smarthealth\BACKEND\node_modules\helmet\index.cjs:239:3)
    at internalNext (C:\Users\BERIOLE\Desktop\Projet soutenenace\projet\smarthealth\BACKEND\node_modules\helmet\index.cjs:529:6)
    at referrerPolicyMiddleware (C:\Users\BERIOLE\Desktop\Projet soutenenace\projet\smarthealth\BACKEND\node_modules\helmet\index.cjs:207:3)
    at internalNext (C:\Users\BERIOLE\Desktop\Projet soutenenace\projet\smarthealth\BACKEND\node_modules\helmet\index.cjs:529:6)
    at originAgentClusterMiddleware (C:\Users\BERIOLE\Desktop\Projet soutenenace\projet\smarthealth\BACKEND\node_modules\helmet\index.cjs:182:3)
    at internalNext (C:\Users\BERIOLE\Desktop\Projet soutenenace\projet\smarthealth\BACKEND\node_modules\helmet\index.cjs:529:6)
    at crossOriginResourcePolicyMiddleware (C:\Users\BERIOLE\Desktop\Projet soutenenace\projet\smarthealth\BACKEND\node_modules\helmet\index.cjs:175:3)
    at internalNext (C:\Users\BERIOLE\Desktop\Projet soutenenace\projet\smarthealth\BACKEND\node_modules\helmet\index.cjs:529:6)
    at crossOriginOpenerPolicyMiddleware (C:\Users\BERIOLE\Desktop\Projet soutenenace\projet\smarthealth\BACKEND\node_modules\helmet\index.cjs:159:3)
    at internalNext (C:\Users\BERIOLE\Desktop\Projet soutenenace\projet\smarthealth\BACKEND\node_modules\helmet\index.cjs:529:6)
    at contentSecurityPolicyMiddleware (C:\Users\BERIOLE\Desktop\Projet soutenenace\projet\smarthealth\BACKEND\node_modules\helmet\index.cjs:124:4)
    at internalNext (C:\Users\BERIOLE\Desktop\Projet soutenenace\projet\smarthealth\BACKEND\node_modules\helmet\index.cjs:529:6)
    at helmetMiddleware (C:\Users\BERIOLE\Desktop\Projet soutenenace\projet\smarthealth\BACKEND\node_modules\helmet\index.cjs:533:6)
    at Layer.handleRequest (C:\Users\BERIOLE\Desktop\Projet soutenenace\projet\smarthealth\BACKEND\node_modules\router\lib\layer.js:152:17)
    at trimPrefix (C:\Users\BERIOLE\Desktop\Projet soutenenace\projet\smarthealth\BACKEND\node_modules\router\index.js:342:13)
    at C:\Users\BERIOLE\Desktop\Projet soutenenace\projet\smarthealth\BACKEND\node_modules\router\index.js:297:9
    at processParams (C:\Users\BERIOLE\Desktop\Projet soutenenace\projet\smarthealth\BACKEND\node_modules\router\index.js:582:12)
    at next (C:\Users\BERIOLE\Desktop\Projet soutenenace\projet\smarthealth\BACKEND\node_modules\router\index.js:291:5)
    at Function.handle (C:\Users\BERIOLE\Desktop\Projet soutenenace\projet\smarthealth\BACKEND\node_modules\router\index.js:186:3)
    at Function.handle (C:\Users\BERIOLE\Desktop\Projet soutenenace\projet\smarthealth\BACKEND\node_modules\express\lib\application.js:177:15)
    at Server.app (C:\Users\BERIOLE\Desktop\Projet soutenenace\projet\smarthealth\BACKEND\node_modules\express\lib\express.js:38:9)
    at Server.emit (node:events:524:28)
    at parserOnIncoming (node:_http_server:1141:12)
    at HTTPParser.parserOnHeadersComplete (node:_http_common:118:17)
2026-04-29 14:50:21 [ERROR]: TypeError: Cannot read properties of undefined (reading 'findUnique')
    at findUnique (C:\Users\BERIOLE\Desktop\Projet soutenenace\projet\smarthealth\BACKEND\controllers\b2bGatewayController.js:14:51)
    at Layer.handleRequest (C:\Users\BERIOLE\Desktop\Projet soutenenace\projet\smarthealth\BACKEND\node_modules\router\lib\layer.js:152:17)
    at next (C:\Users\BERIOLE\Desktop\Projet soutenenace\projet\smarthealth\BACKEND\node_modules\router\lib\route.js:157:13)
    at Route.dispatch (C:\Users\BERIOLE\Desktop\Projet soutenenace\projet\smarthealth\BACKEND\node_modules\router\lib\route.js:117:3)
    at handle (C:\Users\BERIOLE\Desktop\Projet soutenenace\projet\smarthealth\BACKEND\node_modules\router\index.js:435:11)
    at Layer.handleRequest (C:\Users\BERIOLE\Desktop\Projet soutenenace\projet\smarthealth\BACKEND\node_modules\router\lib\layer.js:152:17)
    at C:\Users\BERIOLE\Desktop\Projet soutenenace\projet\smarthealth\BACKEND\node_modules\router\index.js:295:15
    at processParams (C:\Users\BERIOLE\Desktop\Projet soutenenace\projet\smarthealth\BACKEND\node_modules\router\index.js:582:12)
    at next (C:\Users\BERIOLE\Desktop\Projet soutenenace\projet\smarthealth\BACKEND\node_modules\router\index.js:291:5)
    at Function.handle (C:\Users\BERIOLE\Desktop\Projet soutenenace\projet\smarthealth\BACKEND\node_modules\router\index.js:186:3)
    at router (C:\Users\BERIOLE\Desktop\Projet soutenenace\projet\smarthealth\BACKEND\node_modules\router\index.js:60:12)
    at Layer.handleRequest (C:\Users\BERIOLE\Desktop\Projet soutenenace\projet\smarthealth\BACKEND\node_modules\router\lib\layer.js:152:17)
    at trimPrefix (C:\Users\BERIOLE\Desktop\Projet soutenenace\projet\smarthealth\BACKEND\node_modules\router\index.js:342:13)
    at C:\Users\BERIOLE\Desktop\Projet soutenenace\projet\smarthealth\BACKEND\node_modules\router\index.js:297:9
    at processParams (C:\Users\BERIOLE\Desktop\Projet soutenenace\projet\smarthealth\BACKEND\node_modules\router\index.js:582:12)
    at next (C:\Users\BERIOLE\Desktop\Projet soutenenace\projet\smarthealth\BACKEND\node_modules\router\index.js:291:5)
    at logger (C:\Users\BERIOLE\Desktop\Projet soutenenace\projet\smarthealth\BACKEND\node_modules\morgan\index.js:144:5)
    at Layer.handleRequest (C:\Users\BERIOLE\Desktop\Projet soutenenace\projet\smarthealth\BACKEND\node_modules\router\lib\layer.js:152:17)
    at trimPrefix (C:\Users\BERIOLE\Desktop\Projet soutenenace\projet\smarthealth\BACKEND\node_modules\router\index.js:342:13)
    at C:\Users\BERIOLE\Desktop\Projet soutenenace\projet\smarthealth\BACKEND\node_modules\router\index.js:297:9
    at processParams (C:\Users\BERIOLE\Desktop\Projet soutenenace\projet\smarthealth\BACKEND\node_modules\router\index.js:582:12)
    at next (C:\Users\BERIOLE\Desktop\Projet soutenenace\projet\smarthealth\BACKEND\node_modules\router\index.js:291:5)
    at read (C:\Users\BERIOLE\Desktop\Projet soutenenace\projet\smarthealth\BACKEND\node_modules\body-parser\lib\read.js:42:5)
    at urlencodedParser (C:\Users\BERIOLE\Desktop\Projet soutenenace\projet\smarthealth\BACKEND\node_modules\body-parser\lib\types\urlencoded.js:57:5)
    at Layer.handleRequest (C:\Users\BERIOLE\Desktop\Projet soutenenace\projet\smarthealth\BACKEND\node_modules\router\lib\layer.js:152:17)
    at trimPrefix (C:\Users\BERIOLE\Desktop\Projet soutenenace\projet\smarthealth\BACKEND\node_modules\router\index.js:342:13)
    at C:\Users\BERIOLE\Desktop\Projet soutenenace\projet\smarthealth\BACKEND\node_modules\router\index.js:297:9
    at processParams (C:\Users\BERIOLE\Desktop\Projet soutenenace\projet\smarthealth\BACKEND\node_modules\router\index.js:582:12)
    at next (C:\Users\BERIOLE\Desktop\Projet soutenenace\projet\smarthealth\BACKEND\node_modules\router\index.js:291:5)
    at C:\Users\BERIOLE\Desktop\Projet soutenenace\projet\smarthealth\BACKEND\node_modules\body-parser\lib\read.js:171:5
    at AsyncResource.runInAsyncScope (node:async_hooks:206:9)
    at invokeCallback (C:\Users\BERIOLE\Desktop\Projet soutenenace\projet\smarthealth\BACKEND\node_modules\raw-body\index.js:238:16)
    at done (C:\Users\BERIOLE\Desktop\Projet soutenenace\projet\smarthealth\BACKEND\node_modules\raw-body\index.js:227:7)
    at IncomingMessage.onEnd (C:\Users\BERIOLE\Desktop\Projet soutenenace\projet\smarthealth\BACKEND\node_modules\raw-body\index.js:287:7)
    at IncomingMessage.emit (node:events:524:28)
    at endReadableNT (node:internal/streams/readable:1698:12)
    at processTicksAndRejections (node:internal/process/task_queues:82:21)
2026-04-29 14:50:22 [ERROR]: TypeError: Cannot read properties of undefined (reading 'create')
    at create (C:\Users\BERIOLE\Desktop\Projet soutenenace\projet\smarthealth\BACKEND\controllers\patientB2bController.js:21:46)
    at processTicksAndRejections (node:internal/process/task_queues:95:5)
2026-04-29 14:50:27 [ERROR]: PrismaClientKnownRequestError: 
Invalid `prisma.patient.update()` invocation in
C:\Users\BERIOLE\Desktop\Projet soutenenace\projet\smarthealth\BACKEND\services\patientService.js:28:27

  25 }
  26 
  27 async update(id, data) {
→ 28   return prisma.patient.update(
An operation failed because it depends on one or more records that were required but not found. No record was found for an update.
    at Gr.handleRequestError (C:\Users\BERIOLE\Desktop\Projet soutenenace\projet\smarthealth\BACKEND\node_modules\@prisma\client\src\runtime\RequestHandler.ts:237:13)
    at Gr.handleAndLogRequestError (C:\Users\BERIOLE\Desktop\Projet soutenenace\projet\smarthealth\BACKEND\node_modules\@prisma\client\src\runtime\RequestHandler.ts:183:12)
    at Gr.request (C:\Users\BERIOLE\Desktop\Projet soutenenace\projet\smarthealth\BACKEND\node_modules\@prisma\client\src\runtime\RequestHandler.ts:152:12)
    at processTicksAndRejections (node:internal/process/task_queues:95:5)
    at a (C:\Users\BERIOLE\Desktop\Projet soutenenace\projet\smarthealth\BACKEND\node_modules\@prisma\client\src\runtime\getPrismaClient.ts:938:24)
    at exports.update (C:\Users\BERIOLE\Desktop\Projet soutenenace\projet\smarthealth\BACKEND\controllers\patientController.js:67:21)
2026-04-29 14:50:31 [ERROR]: PrismaClientValidationError: 
Invalid `prisma.utilisateur.findMany()` invocation in
C:\Users\BERIOLE\Desktop\Projet soutenenace\projet\smarthealth\BACKEND\services\utilisateurService.js:73:26

  70 if (type_utilisateur) where.type_utilisateur = type_utilisateur;
  71 
  72 const [data, total] = await Promise.all([
→ 73   prisma.utilisateur.findMany({
         where: {},
         skip: 0,
         take: "10",
               ~~~~
         orderBy: {
           date_creation: "desc"
         }
       })

Argument `take`: Invalid value provided. Expected Int, provided String.
    at ar (C:\Users\BERIOLE\Desktop\Projet soutenenace\projet\smarthealth\BACKEND\node_modules\@prisma\client\src\runtime\core\errorRendering\throwValidationException.ts:46:9)
    at Gr.throwValidationException [as handleRequestError] (C:\Users\BERIOLE\Desktop\Projet soutenenace\projet\smarthealth\BACKEND\node_modules\@prisma\client\src\runtime\RequestHandler.ts:211:7)
    at Gr.handleAndLogRequestError (C:\Users\BERIOLE\Desktop\Projet soutenenace\projet\smarthealth\BACKEND\node_modules\@prisma\client\src\runtime\RequestHandler.ts:183:12)
    at Gr.request (C:\Users\BERIOLE\Desktop\Projet soutenenace\projet\smarthealth\BACKEND\node_modules\@prisma\client\src\runtime\RequestHandler.ts:152:12)
    at processTicksAndRejections (node:internal/process/task_queues:95:5)
    at a (C:\Users\BERIOLE\Desktop\Projet soutenenace\projet\smarthealth\BACKEND\node_modules\@prisma\client\src\runtime\getPrismaClient.ts:938:24)
    at async Promise.all (index 0)
    at UtilisateurService.findAll (C:\Users\BERIOLE\Desktop\Projet soutenenace\projet\smarthealth\BACKEND\services\utilisateurService.js:72:27)
    at exports.getAll (C:\Users\BERIOLE\Desktop\Projet soutenenace\projet\smarthealth\BACKEND\controllers\utilisateurController.js:6:20)
2026-04-29 14:50:31 [ERROR]: PrismaClientValidationError: 
Invalid `prisma.utilisateur.update()` invocation in
C:\Users\BERIOLE\Desktop\Projet soutenenace\projet\smarthealth\BACKEND\services\utilisateurService.js:62:31

  59 }
  60 
  61 async update(id, data) {
→ 62   return prisma.utilisateur.update({
         where: {
           id_utilisateur: "c33e625c-06e3-4411-9c67-6caa202198d3"
         },
         data: {
           statut_compte: "inactif_archive"
                          ~~~~~~~~~~~~~~~~~
         }
       })

Invalid value for argument `statut_compte`. Expected StatutCompte.
    at ar (C:\Users\BERIOLE\Desktop\Projet soutenenace\projet\smarthealth\BACKEND\node_modules\@prisma\client\src\runtime\core\errorRendering\throwValidationException.ts:46:9)
    at Gr.throwValidationException [as handleRequestError] (C:\Users\BERIOLE\Desktop\Projet soutenenace\projet\smarthealth\BACKEND\node_modules\@prisma\client\src\runtime\RequestHandler.ts:211:7)
    at Gr.handleAndLogRequestError (C:\Users\BERIOLE\Desktop\Projet soutenenace\projet\smarthealth\BACKEND\node_modules\@prisma\client\src\runtime\RequestHandler.ts:183:12)
    at Gr.request (C:\Users\BERIOLE\Desktop\Projet soutenenace\projet\smarthealth\BACKEND\node_modules\@prisma\client\src\runtime\RequestHandler.ts:152:12)
    at processTicksAndRejections (node:internal/process/task_queues:95:5)
    at a (C:\Users\BERIOLE\Desktop\Projet soutenenace\projet\smarthealth\BACKEND\node_modules\@prisma\client\src\runtime\getPrismaClient.ts:938:24)
    at exports.deleteUtilisateur (C:\Users\BERIOLE\Desktop\Projet soutenenace\projet\smarthealth\BACKEND\controllers\utilisateurController.js:51:21)
2026-04-29 15:58:17 [ERROR]: PrismaClientValidationError: 
Invalid `prisma.interventionDomicile.create()` invocation in
C:\Users\BERIOLE\Desktop\Projet soutenenace\projet\smarthealth\BACKEND\controllers\interventionController.js:84:60

  81 if (data.longitude_intervention) data.longitude_intervention = Number(data.longitude_intervention);
  82 if (data.cout_fcfa) data.cout_fcfa = Number(data.cout_fcfa);
  83 
→ 84 const intervention = await prisma.interventionDomicile.create({
       data: {
         id_patient: "c638b31e-d371-49bc-9fc8-c3bc01a0dfc0",
         id_carnet: "e4516547-8211-40a9-b59c-8ba8b3cb4aec",
         type_intervention: "SOINF",
         description: "Pansement à domicile",
         date_prevue: "2026-05-01T14:58:17.425Z",
         adresse: "Douala, Bonapriso, Rue 12",
     +   type_acte: TypeActe
       }
     })

Argument `type_acte` is missing.
    at ar (C:\Users\BERIOLE\Desktop\Projet soutenenace\projet\smarthealth\BACKEND\node_modules\@prisma\client\src\runtime\core\errorRendering\throwValidationException.ts:46:9)
    at Gr.throwValidationException [as handleRequestError] (C:\Users\BERIOLE\Desktop\Projet soutenenace\projet\smarthealth\BACKEND\node_modules\@prisma\client\src\runtime\RequestHandler.ts:211:7)
    at Gr.handleAndLogRequestError (C:\Users\BERIOLE\Desktop\Projet soutenenace\projet\smarthealth\BACKEND\node_modules\@prisma\client\src\runtime\RequestHandler.ts:183:12)
    at Gr.request (C:\Users\BERIOLE\Desktop\Projet soutenenace\projet\smarthealth\BACKEND\node_modules\@prisma\client\src\runtime\RequestHandler.ts:152:12)
    at processTicksAndRejections (node:internal/process/task_queues:95:5)
    at a (C:\Users\BERIOLE\Desktop\Projet soutenenace\projet\smarthealth\BACKEND\node_modules\@prisma\client\src\runtime\getPrismaClient.ts:938:24)
    at exports.create (C:\Users\BERIOLE\Desktop\Projet soutenenace\projet\smarthealth\BACKEND\controllers\interventionController.js:84:26)
2026-04-29 15:58:22 [ERROR]: PrismaClientValidationError: 
Invalid `prisma.triageIa.create()` invocation in
C:\Users\BERIOLE\Desktop\Projet soutenenace\projet\smarthealth\BACKEND\controllers\triageController.js:46:42

  43 
  44 exports.create = async (req, res, next) => {
  45   try {
→ 46     const triage = await prisma.triageIa.create({
           data: {
             symptomes: "Fievre, toux, fatigue",
             age: 30,
             sexe: "M",
         +   symptomes_declares: JsonNullValueInput | Json
           }
         })

Argument `symptomes_declares` is missing.
    at ar (C:\Users\BERIOLE\Desktop\Projet soutenenace\projet\smarthealth\BACKEND\node_modules\@prisma\client\src\runtime\core\errorRendering\throwValidationException.ts:46:9)
    at Gr.throwValidationException [as handleRequestError] (C:\Users\BERIOLE\Desktop\Projet soutenenace\projet\smarthealth\BACKEND\node_modules\@prisma\client\src\runtime\RequestHandler.ts:211:7)
    at Gr.handleAndLogRequestError (C:\Users\BERIOLE\Desktop\Projet soutenenace\projet\smarthealth\BACKEND\node_modules\@prisma\client\src\runtime\RequestHandler.ts:183:12)
    at Gr.request (C:\Users\BERIOLE\Desktop\Projet soutenenace\projet\smarthealth\BACKEND\node_modules\@prisma\client\src\runtime\RequestHandler.ts:152:12)
    at processTicksAndRejections (node:internal/process/task_queues:95:5)
    at a (C:\Users\BERIOLE\Desktop\Projet soutenenace\projet\smarthealth\BACKEND\node_modules\@prisma\client\src\runtime\getPrismaClient.ts:938:24)
    at exports.create (C:\Users\BERIOLE\Desktop\Projet soutenenace\projet\smarthealth\BACKEND\controllers\triageController.js:46:20)
2026-04-29 15:58:23 [ERROR]: PrismaClientValidationError: 
Invalid `prisma.patient.findMany()` invocation in
C:\Users\BERIOLE\Desktop\Projet soutenenace\projet\smarthealth\BACKEND\services\patientService.js:36:22

  33 const skip = (page - 1) * limit;
  34 
  35 const [data, total] = await Promise.all([
→ 36   prisma.patient.findMany({
         skip: 0,
         take: "10",
               ~~~~
         include: {
           utilisateur: true
         },
         orderBy: {
           date_enregistrement: "desc"
         }
       })

Argument `take`: Invalid value provided. Expected Int, provided String.
    at ar (C:\Users\BERIOLE\Desktop\Projet soutenenace\projet\smarthealth\BACKEND\node_modules\@prisma\client\src\runtime\core\errorRendering\throwValidationException.ts:46:9)
    at Gr.throwValidationException [as handleRequestError] (C:\Users\BERIOLE\Desktop\Projet soutenenace\projet\smarthealth\BACKEND\node_modules\@prisma\client\src\runtime\RequestHandler.ts:211:7)
    at Gr.handleAndLogRequestError (C:\Users\BERIOLE\Desktop\Projet soutenenace\projet\smarthealth\BACKEND\node_modules\@prisma\client\src\runtime\RequestHandler.ts:183:12)
    at Gr.request (C:\Users\BERIOLE\Desktop\Projet soutenenace\projet\smarthealth\BACKEND\node_modules\@prisma\client\src\runtime\RequestHandler.ts:152:12)
    at processTicksAndRejections (node:internal/process/task_queues:95:5)
    at a (C:\Users\BERIOLE\Desktop\Projet soutenenace\projet\smarthealth\BACKEND\node_modules\@prisma\client\src\runtime\getPrismaClient.ts:938:24)
    at async Promise.all (index 0)
    at PatientService.findAll (C:\Users\BERIOLE\Desktop\Projet soutenenace\projet\smarthealth\BACKEND\services\patientService.js:35:27)
    at exports.getAll (C:\Users\BERIOLE\Desktop\Projet soutenenace\projet\smarthealth\BACKEND\controllers\patientController.js:8:20)
2026-04-29 15:58:25 [ERROR]: PrismaClientValidationError: 
Invalid `prisma.patient.findUnique()` invocation in
C:\Users\BERIOLE\Desktop\Projet soutenenace\projet\smarthealth\BACKEND\controllers\ordonnanceController.js:67:42

  64 const { lignes, id_patient, ...ordonnanceData } = req.body;
  65 
  66 // Récupérer le patient pour récupérer son e-mail
→ 67 const patient = await prisma.patient.findUnique({
       where: {
         id_patient: undefined,
     ?   id_utilisateur?: String,
     ?   numero_carnet?: String,
     ?   AND?: PatientWhereInput | PatientWhereInput[],
     ?   OR?: PatientWhereInput[],
     ?   NOT?: PatientWhereInput | PatientWhereInput[],
     ?   groupe_sanguin?: EnumGroupeSanguinNullableFilter | GroupeSanguin | Null,
     ?   poids_kg?: DecimalNullableFilter | Decimal | Null,
     ?   taille_cm?: IntNullableFilter | Int | Null,
     ?   allergies_connues?: StringNullableFilter | String | Null,
     ?   antecedents_medicaux?: StringNullableFilter | String | Null,
     ?   maladies_chroniques?: JsonNullableFilter,
     ?   id_tuteur?: StringNullableFilter | String | Null,
     ?   consentement_donnees?: BoolFilter | Boolean,
     ?   date_enregistrement?: DateTimeFilter | DateTime,
     ?   utilisateur?: UtilisateurScalarRelationFilter | UtilisateurWhereInput,
     ?   tuteur?: UtilisateurNullableScalarRelationFilter | UtilisateurWhereInput | Null,
     ?   carnet?: CarnetSanteNullableScalarRelationFilter | CarnetSanteWhereInput | Null,
     ?   consultations?: ConsultationListRelationFilter,
     ?   ordonnances?: OrdonnanceListRelationFilter,
     ?   commandes?: CommandeListRelationFilter,
     ?   rappels?: RappelTraitementListRelationFilter,
     ?   triages?: TriageIaListRelationFilter,
     ?   interventions?: InterventionDomicileListRelationFilter,
     ?   pinConsentements?: PinConsentementListRelationFilter
       },
       include: {
         utilisateur: true
       }
     })

Argument `where` of type PatientWhereUniqueInput needs at least one of `id_patient`, `id_utilisateur` or `numero_carnet` arguments. Available options are marked with ?.
    at ar (C:\Users\BERIOLE\Desktop\Projet soutenenace\projet\smarthealth\BACKEND\node_modules\@prisma\client\src\runtime\core\errorRendering\throwValidationException.ts:46:9)
    at Gr.throwValidationException [as handleRequestError] (C:\Users\BERIOLE\Desktop\Projet soutenenace\projet\smarthealth\BACKEND\node_modules\@prisma\client\src\runtime\RequestHandler.ts:211:7)
    at Gr.handleAndLogRequestError (C:\Users\BERIOLE\Desktop\Projet soutenenace\projet\smarthealth\BACKEND\node_modules\@prisma\client\src\runtime\RequestHandler.ts:183:12)
    at Gr.request (C:\Users\BERIOLE\Desktop\Projet soutenenace\projet\smarthealth\BACKEND\node_modules\@prisma\client\src\runtime\RequestHandler.ts:152:12)
    at processTicksAndRejections (node:internal/process/task_queues:95:5)
    at a (C:\Users\BERIOLE\Desktop\Projet soutenenace\projet\smarthealth\BACKEND\node_modules\@prisma\client\src\runtime\getPrismaClient.ts:938:24)
    at exports.create (C:\Users\BERIOLE\Desktop\Projet soutenenace\projet\smarthealth\BACKEND\controllers\ordonnanceController.js:67:21)
2026-04-29 15:58:28 [ERROR]: PrismaClientValidationError: 
Invalid `prisma.utilisateur.findMany()` invocation in
C:\Users\BERIOLE\Desktop\Projet soutenenace\projet\smarthealth\BACKEND\services\utilisateurService.js:73:26

  70 if (type_utilisateur) where.type_utilisateur = type_utilisateur;
  71 
  72 const [data, total] = await Promise.all([
→ 73   prisma.utilisateur.findMany({
         where: {},
         skip: 0,
         take: "10",
               ~~~~
         orderBy: {
           date_creation: "desc"
         }
       })

Argument `take`: Invalid value provided. Expected Int, provided String.
    at ar (C:\Users\BERIOLE\Desktop\Projet soutenenace\projet\smarthealth\BACKEND\node_modules\@prisma\client\src\runtime\core\errorRendering\throwValidationException.ts:46:9)
    at Gr.throwValidationException [as handleRequestError] (C:\Users\BERIOLE\Desktop\Projet soutenenace\projet\smarthealth\BACKEND\node_modules\@prisma\client\src\runtime\RequestHandler.ts:211:7)
    at Gr.handleAndLogRequestError (C:\Users\BERIOLE\Desktop\Projet soutenenace\projet\smarthealth\BACKEND\node_modules\@prisma\client\src\runtime\RequestHandler.ts:183:12)
    at Gr.request (C:\Users\BERIOLE\Desktop\Projet soutenenace\projet\smarthealth\BACKEND\node_modules\@prisma\client\src\runtime\RequestHandler.ts:152:12)
    at processTicksAndRejections (node:internal/process/task_queues:95:5)
    at a (C:\Users\BERIOLE\Desktop\Projet soutenenace\projet\smarthealth\BACKEND\node_modules\@prisma\client\src\runtime\getPrismaClient.ts:938:24)
    at async Promise.all (index 0)
    at UtilisateurService.findAll (C:\Users\BERIOLE\Desktop\Projet soutenenace\projet\smarthealth\BACKEND\services\utilisateurService.js:72:27)
    at exports.getAll (C:\Users\BERIOLE\Desktop\Projet soutenenace\projet\smarthealth\BACKEND\controllers\utilisateurController.js:6:20)
2026-04-29 15:58:34 [ERROR]: PrismaClientValidationError: 
Invalid `prisma.pharmacie.create()` invocation in
C:\Users\BERIOLE\Desktop\Projet soutenenace\projet\smarthealth\BACKEND\controllers\pharmacieController.js:62:46

  59   data.id_responsable = req.user.id;
  60 }
  61 
→ 62 const pharmacie = await prisma.pharmacie.create({
       data: {
         nom_pharmacie: "Pharmacie Centrale",
         numero_autorisation: "AUTH-001",
         adresse: "Douala, Bonanjo",
         telephone: "000000032",
         latitude: 4.05,
         longitude: 9.7,
     +   responsable: {
     +     create: UtilisateurCreateWithoutPharmaciesInput | UtilisateurUncheckedCreateWithoutPharmaciesInput,
     +     connectOrCreate: UtilisateurCreateOrConnectWithoutPharmaciesInput,
     +     connect: UtilisateurWhereUniqueInput
     +   }
       }
     })

Argument `responsable` is missing.
    at ar (C:\Users\BERIOLE\Desktop\Projet soutenenace\projet\smarthealth\BACKEND\node_modules\@prisma\client\src\runtime\core\errorRendering\throwValidationException.ts:46:9)
    at Gr.throwValidationException [as handleRequestError] (C:\Users\BERIOLE\Desktop\Projet soutenenace\projet\smarthealth\BACKEND\node_modules\@prisma\client\src\runtime\RequestHandler.ts:211:7)
    at Gr.handleAndLogRequestError (C:\Users\BERIOLE\Desktop\Projet soutenenace\projet\smarthealth\BACKEND\node_modules\@prisma\client\src\runtime\RequestHandler.ts:183:12)
    at Gr.request (C:\Users\BERIOLE\Desktop\Projet soutenenace\projet\smarthealth\BACKEND\node_modules\@prisma\client\src\runtime\RequestHandler.ts:152:12)
    at processTicksAndRejections (node:internal/process/task_queues:95:5)
    at a (C:\Users\BERIOLE\Desktop\Projet soutenenace\projet\smarthealth\BACKEND\node_modules\@prisma\client\src\runtime\getPrismaClient.ts:938:24)
    at exports.create (C:\Users\BERIOLE\Desktop\Projet soutenenace\projet\smarthealth\BACKEND\controllers\pharmacieController.js:62:23)
2026-04-29 15:58:34 [ERROR]: PrismaClientValidationError: 
Invalid `prisma.pharmacie.findMany()` invocation in
C:\Users\BERIOLE\Desktop\Projet soutenenace\projet\smarthealth\BACKEND\controllers\pharmacieController.js:16:24

  13 }
  14 
  15 const [data, total] = await Promise.all([
→ 16   prisma.pharmacie.findMany({
         where: {},
         skip: 0,
         take: "10",
               ~~~~
         include: {
           responsable: true
         },
         orderBy: {
           nom_pharmacie: "asc"
         }
       })

Argument `take`: Invalid value provided. Expected Int, provided String.
    at ar (C:\Users\BERIOLE\Desktop\Projet soutenenace\projet\smarthealth\BACKEND\node_modules\@prisma\client\src\runtime\core\errorRendering\throwValidationException.ts:46:9)
    at Gr.throwValidationException [as handleRequestError] (C:\Users\BERIOLE\Desktop\Projet soutenenace\projet\smarthealth\BACKEND\node_modules\@prisma\client\src\runtime\RequestHandler.ts:211:7)
    at Gr.handleAndLogRequestError (C:\Users\BERIOLE\Desktop\Projet soutenenace\projet\smarthealth\BACKEND\node_modules\@prisma\client\src\runtime\RequestHandler.ts:183:12)
    at Gr.request (C:\Users\BERIOLE\Desktop\Projet soutenenace\projet\smarthealth\BACKEND\node_modules\@prisma\client\src\runtime\RequestHandler.ts:152:12)
    at processTicksAndRejections (node:internal/process/task_queues:95:5)
    at a (C:\Users\BERIOLE\Desktop\Projet soutenenace\projet\smarthealth\BACKEND\node_modules\@prisma\client\src\runtime\getPrismaClient.ts:938:24)
    at async Promise.all (index 0)
    at exports.getAll (C:\Users\BERIOLE\Desktop\Projet soutenenace\projet\smarthealth\BACKEND\controllers\pharmacieController.js:15:27)
2026-04-29 15:58:37 [ERROR]: PrismaClientValidationError: 
Invalid `tx.rappelTraitement.create()` invocation in
C:\Users\BERIOLE\Desktop\Projet soutenenace\projet\smarthealth\BACKEND\controllers\rappelController.js:19:51

  16 if (start >= end) throw new ValidationError('La date de fin doit être après la date de début.');
  17 
  18 const rappel = await prisma.$transaction(async (tx) => {
→ 19   const newRappel = await tx.rappelTraitement.create({
         data: {
           id_patient: "c638b31e-d371-49bc-9fc8-c3bc01a0dfc0",
           id_ordonnance: undefined,
           id_medicament: null,
           frequence: undefined,
           heure_prise: undefined,
           date_debut: new Date("2026-04-29T14:58:37.476Z"),
           date_fin: new Date("Invalid Date"),
                     ~~~~~~~~~~~~~~~~~~~~~~~~
           canal_notification: "sms",
           alerte_tuteur_active: false
         }
       })

Invalid value for argument `date_fin`: Provided Date object is invalid. Expected Date.
    at ar (C:\Users\BERIOLE\Desktop\Projet soutenenace\projet\smarthealth\BACKEND\node_modules\@prisma\client\src\runtime\core\errorRendering\throwValidationException.ts:46:9)
    at e.throwValidationException [as throwValidationError] (C:\Users\BERIOLE\Desktop\Projet soutenenace\projet\smarthealth\BACKEND\node_modules\@prisma\client\src\runtime\core\jsonProtocol\serializeJsonQuery.ts:458:5)
    at Ao (C:\Users\BERIOLE\Desktop\Projet soutenenace\projet\smarthealth\BACKEND\node_modules\@prisma\client\src\runtime\core\jsonProtocol\serializeJsonQuery.ts:288:15)
    at serializeArgumentsValue (C:\Users\BERIOLE\Desktop\Projet soutenenace\projet\smarthealth\BACKEND\node_modules\@prisma\client\src\runtime\core\jsonProtocol\serializeJsonQuery.ts:374:21)
    at serializeArgumentsObject (C:\Users\BERIOLE\Desktop\Projet soutenenace\projet\smarthealth\BACKEND\node_modules\@prisma\client\src\runtime\core\jsonProtocol\serializeJsonQuery.ts:340:12)
    at serializeArgumentsValue (C:\Users\BERIOLE\Desktop\Projet soutenenace\projet\smarthealth\BACKEND\node_modules\@prisma\client\src\runtime\core\jsonProtocol\serializeJsonQuery.ts:374:21)
    at serializeArgumentsObject (C:\Users\BERIOLE\Desktop\Projet soutenenace\projet\smarthealth\BACKEND\node_modules\@prisma\client\src\runtime\core\jsonProtocol\serializeJsonQuery.ts:127:16)
    at serializeFieldSelection (C:\Users\BERIOLE\Desktop\Projet soutenenace\projet\smarthealth\BACKEND\node_modules\@prisma\client\src\runtime\core\jsonProtocol\serializeJsonQuery.ts:116:12)
    at serializeJsonQuery (C:\Users\BERIOLE\Desktop\Projet soutenenace\projet\smarthealth\BACKEND\node_modules\@prisma\client\src\runtime\getPrismaClient.ts:993:11)
    at Object.callback [as runInChildSpan] (C:\Users\BERIOLE\Desktop\Projet soutenenace\projet\smarthealth\BACKEND\node_modules\@prisma\client\src\runtime\core\tracing\TracingHelper.ts:28:12)
    at di.runInChildSpan (C:\Users\BERIOLE\Desktop\Projet soutenenace\projet\smarthealth\BACKEND\node_modules\@prisma\client\src\runtime\core\tracing\TracingHelper.ts:53:36)
    at Proxy._executeRequest (C:\Users\BERIOLE\Desktop\Projet soutenenace\projet\smarthealth\BACKEND\node_modules\@prisma\client\src\runtime\getPrismaClient.ts:992:45)
    at Yo (C:\Users\BERIOLE\Desktop\Projet soutenenace\projet\smarthealth\BACKEND\node_modules\@prisma\client\src\runtime\core\extensions\applyQueryExtensions.ts:58:19)
    at applyQueryExtensions (C:\Users\BERIOLE\Desktop\Projet soutenenace\projet\smarthealth\BACKEND\node_modules\@prisma\client\src\runtime\getPrismaClient.ts:938:30)
    at consumer (C:\Users\BERIOLE\Desktop\Projet soutenenace\projet\smarthealth\BACKEND\node_modules\@prisma\client\src\runtime\getPrismaClient.ts:964:49)
    at AsyncResource.runInAsyncScope (node:async_hooks:206:9)
    at C:\Users\BERIOLE\Desktop\Projet soutenenace\projet\smarthealth\BACKEND\node_modules\@prisma\client\src\runtime\getPrismaClient.ts:964:27
    at Object.callback [as runInChildSpan] (C:\Users\BERIOLE\Desktop\Projet soutenenace\projet\smarthealth\BACKEND\node_modules\@prisma\client\src\runtime\core\tracing\TracingHelper.ts:28:12)
    at di.runInChildSpan (C:\Users\BERIOLE\Desktop\Projet soutenenace\projet\smarthealth\BACKEND\node_modules\@prisma\client\src\runtime\core\tracing\TracingHelper.ts:53:36)
    at Proxy._request (C:\Users\BERIOLE\Desktop\Projet soutenenace\projet\smarthealth\BACKEND\node_modules\@prisma\client\src\runtime\getPrismaClient.ts:960:34)
    at e._createPrismaPromise.action (C:\Users\BERIOLE\Desktop\Projet soutenenace\projet\smarthealth\BACKEND\node_modules\@prisma\client\src\runtime\core\model\applyModel.ts:103:27)
    at callback (C:\Users\BERIOLE\Desktop\Projet soutenenace\projet\smarthealth\BACKEND\node_modules\@prisma\client\src\runtime\core\request\createPrismaPromise.ts:34:46)
    at Proxy._callback (C:\Users\BERIOLE\Desktop\Projet soutenenace\projet\smarthealth\BACKEND\node_modules\@prisma\client\src\runtime\core\request\createPrismaPromise.ts:52:16)
    at processTicksAndRejections (node:internal/process/task_queues:95:5)
2026-04-29 15:58:38 [ERROR]: PrismaClientValidationError: 
Invalid `prisma.triageIa.create()` invocation in
C:\Users\BERIOLE\Desktop\Projet soutenenace\projet\smarthealth\BACKEND\controllers\triageController.js:46:42

  43 
  44 exports.create = async (req, res, next) => {
  45   try {
→ 46     const triage = await prisma.triageIa.create({
           data: {
             symptomes: "Fievre, toux, maux de tete",
             age: 25,
             sexe: "F",
             antecedents: "Aucun",
         +   symptomes_declares: JsonNullValueInput | Json
           }
         })

Argument `symptomes_declares` is missing.
    at ar (C:\Users\BERIOLE\Desktop\Projet soutenenace\projet\smarthealth\BACKEND\node_modules\@prisma\client\src\runtime\core\errorRendering\throwValidationException.ts:46:9)
    at Gr.throwValidationException [as handleRequestError] (C:\Users\BERIOLE\Desktop\Projet soutenenace\projet\smarthealth\BACKEND\node_modules\@prisma\client\src\runtime\RequestHandler.ts:211:7)
    at Gr.handleAndLogRequestError (C:\Users\BERIOLE\Desktop\Projet soutenenace\projet\smarthealth\BACKEND\node_modules\@prisma\client\src\runtime\RequestHandler.ts:183:12)
    at Gr.request (C:\Users\BERIOLE\Desktop\Projet soutenenace\projet\smarthealth\BACKEND\node_modules\@prisma\client\src\runtime\RequestHandler.ts:152:12)
    at processTicksAndRejections (node:internal/process/task_queues:95:5)
    at a (C:\Users\BERIOLE\Desktop\Projet soutenenace\projet\smarthealth\BACKEND\node_modules\@prisma\client\src\runtime\getPrismaClient.ts:938:24)
    at exports.create (C:\Users\BERIOLE\Desktop\Projet soutenenace\projet\smarthealth\BACKEND\controllers\triageController.js:46:20)
2026-04-29 15:58:39 [ERROR]: PrismaClientValidationError: 
Invalid `prisma.triageIa.create()` invocation in
C:\Users\BERIOLE\Desktop\Projet soutenenace\projet\smarthealth\BACKEND\controllers\triageController.js:46:42

  43 
  44 exports.create = async (req, res, next) => {
  45   try {
→ 46     const triage = await prisma.triageIa.create({
           data: {
         +   symptomes_declares: JsonNullValueInput | Json
           }
         })

Argument `symptomes_declares` is missing.
    at ar (C:\Users\BERIOLE\Desktop\Projet soutenenace\projet\smarthealth\BACKEND\node_modules\@prisma\client\src\runtime\core\errorRendering\throwValidationException.ts:46:9)
    at Gr.throwValidationException [as handleRequestError] (C:\Users\BERIOLE\Desktop\Projet soutenenace\projet\smarthealth\BACKEND\node_modules\@prisma\client\src\runtime\RequestHandler.ts:211:7)
    at Gr.handleAndLogRequestError (C:\Users\BERIOLE\Desktop\Projet soutenenace\projet\smarthealth\BACKEND\node_modules\@prisma\client\src\runtime\RequestHandler.ts:183:12)
    at Gr.request (C:\Users\BERIOLE\Desktop\Projet soutenenace\projet\smarthealth\BACKEND\node_modules\@prisma\client\src\runtime\RequestHandler.ts:152:12)
    at processTicksAndRejections (node:internal/process/task_queues:95:5)
    at a (C:\Users\BERIOLE\Desktop\Projet soutenenace\projet\smarthealth\BACKEND\node_modules\@prisma\client\src\runtime\getPrismaClient.ts:938:24)
    at exports.create (C:\Users\BERIOLE\Desktop\Projet soutenenace\projet\smarthealth\BACKEND\controllers\triageController.js:46:20)
2026-04-29 15:58:41 [ERROR]: PrismaClientKnownRequestError: 
Invalid `prisma.patient.update()` invocation in
C:\Users\BERIOLE\Desktop\Projet soutenenace\projet\smarthealth\BACKEND\services\patientService.js:28:27

  25 }
  26 
  27 async update(id, data) {
→ 28   return prisma.patient.update(
An operation failed because it depends on one or more records that were required but not found. No record was found for an update.
    at Gr.handleRequestError (C:\Users\BERIOLE\Desktop\Projet soutenenace\projet\smarthealth\BACKEND\node_modules\@prisma\client\src\runtime\RequestHandler.ts:237:13)
    at Gr.handleAndLogRequestError (C:\Users\BERIOLE\Desktop\Projet soutenenace\projet\smarthealth\BACKEND\node_modules\@prisma\client\src\runtime\RequestHandler.ts:183:12)
    at Gr.request (C:\Users\BERIOLE\Desktop\Projet soutenenace\projet\smarthealth\BACKEND\node_modules\@prisma\client\src\runtime\RequestHandler.ts:152:12)
    at processTicksAndRejections (node:internal/process/task_queues:95:5)
    at a (C:\Users\BERIOLE\Desktop\Projet soutenenace\projet\smarthealth\BACKEND\node_modules\@prisma\client\src\runtime\getPrismaClient.ts:938:24)
    at exports.update (C:\Users\BERIOLE\Desktop\Projet soutenenace\projet\smarthealth\BACKEND\controllers\patientController.js:67:21)
2026-04-29 16:21:06 [ERROR]: Error: SASL: SCRAM-SERVER-FIRST-MESSAGE: client password must be a string
    at C:\Users\BERIOLE\Desktop\Projet soutenenace\projet\smarthealth\BACKEND\node_modules\pg-pool\index.js:45:11
    at process.processTicksAndRejections (node:internal/process/task_queues:95:5)
    at async PrismaPgAdapter.performIO (C:\Users\BERIOLE\Desktop\Projet soutenenace\projet\smarthealth\BACKEND\node_modules\@prisma\adapter-pg\dist\index.js:654:22)
    at async PrismaPgAdapter.queryRaw (C:\Users\BERIOLE\Desktop\Projet soutenenace\projet\smarthealth\BACKEND\node_modules\@prisma\adapter-pg\dist\index.js:604:30)
    at async e.interpretNode (C:\Users\BERIOLE\Desktop\Projet soutenenace\projet\smarthealth\BACKEND\node_modules\@prisma\client\runtime\client.js:11:44601)
    at async e.interpretNode (C:\Users\BERIOLE\Desktop\Projet soutenenace\projet\smarthealth\BACKEND\node_modules\@prisma\client\runtime\client.js:11:45045)
    at async e.interpretNode (C:\Users\BERIOLE\Desktop\Projet soutenenace\projet\smarthealth\BACKEND\node_modules\@prisma\client\runtime\client.js:11:46265)
    at async e.run (C:\Users\BERIOLE\Desktop\Projet soutenenace\projet\smarthealth\BACKEND\node_modules\@prisma\client\runtime\client.js:11:43315)
    at async e.execute (C:\Users\BERIOLE\Desktop\Projet soutenenace\projet\smarthealth\BACKEND\node_modules\@prisma\client\runtime\client.js:57:815)
    at async jt.request (C:\Users\BERIOLE\Desktop\Projet soutenenace\projet\smarthealth\BACKEND\node_modules\@prisma\client\runtime\client.js:58:2399)
2026-04-29 16:21:06 [ERROR]: Error: SASL: SCRAM-SERVER-FIRST-MESSAGE: client password must be a string
    at C:\Users\BERIOLE\Desktop\Projet soutenenace\projet\smarthealth\BACKEND\node_modules\pg-pool\index.js:45:11
    at process.processTicksAndRejections (node:internal/process/task_queues:95:5)
    at async PrismaPgAdapter.performIO (C:\Users\BERIOLE\Desktop\Projet soutenenace\projet\smarthealth\BACKEND\node_modules\@prisma\adapter-pg\dist\index.js:654:22)
    at async PrismaPgAdapter.queryRaw (C:\Users\BERIOLE\Desktop\Projet soutenenace\projet\smarthealth\BACKEND\node_modules\@prisma\adapter-pg\dist\index.js:604:30)
    at async e.interpretNode (C:\Users\BERIOLE\Desktop\Projet soutenenace\projet\smarthealth\BACKEND\node_modules\@prisma\client\runtime\client.js:11:44601)
    at async e.interpretNode (C:\Users\BERIOLE\Desktop\Projet soutenenace\projet\smarthealth\BACKEND\node_modules\@prisma\client\runtime\client.js:11:45045)
    at async e.interpretNode (C:\Users\BERIOLE\Desktop\Projet soutenenace\projet\smarthealth\BACKEND\node_modules\@prisma\client\runtime\client.js:11:46265)
    at async e.run (C:\Users\BERIOLE\Desktop\Projet soutenenace\projet\smarthealth\BACKEND\node_modules\@prisma\client\runtime\client.js:11:43315)
    at async e.execute (C:\Users\BERIOLE\Desktop\Projet soutenenace\projet\smarthealth\BACKEND\node_modules\@prisma\client\runtime\client.js:57:815)
    at async jt.request (C:\Users\BERIOLE\Desktop\Projet soutenenace\projet\smarthealth\BACKEND\node_modules\@prisma\client\runtime\client.js:58:2399)
2026-04-29 16:21:06 [ERROR]: Error: SASL: SCRAM-SERVER-FIRST-MESSAGE: client password must be a string
    at C:\Users\BERIOLE\Desktop\Projet soutenenace\projet\smarthealth\BACKEND\node_modules\pg-pool\index.js:45:11
    at process.processTicksAndRejections (node:internal/process/task_queues:95:5)
    at async PrismaPgAdapter.performIO (C:\Users\BERIOLE\Desktop\Projet soutenenace\projet\smarthealth\BACKEND\node_modules\@prisma\adapter-pg\dist\index.js:654:22)
    at async PrismaPgAdapter.queryRaw (C:\Users\BERIOLE\Desktop\Projet soutenenace\projet\smarthealth\BACKEND\node_modules\@prisma\adapter-pg\dist\index.js:604:30)
    at async e.interpretNode (C:\Users\BERIOLE\Desktop\Projet soutenenace\projet\smarthealth\BACKEND\node_modules\@prisma\client\runtime\client.js:11:44601)
    at async e.interpretNode (C:\Users\BERIOLE\Desktop\Projet soutenenace\projet\smarthealth\BACKEND\node_modules\@prisma\client\runtime\client.js:11:45045)
    at async e.interpretNode (C:\Users\BERIOLE\Desktop\Projet soutenenace\projet\smarthealth\BACKEND\node_modules\@prisma\client\runtime\client.js:11:46265)
    at async e.run (C:\Users\BERIOLE\Desktop\Projet soutenenace\projet\smarthealth\BACKEND\node_modules\@prisma\client\runtime\client.js:11:43315)
    at async e.execute (C:\Users\BERIOLE\Desktop\Projet soutenenace\projet\smarthealth\BACKEND\node_modules\@prisma\client\runtime\client.js:57:815)
    at async jt.request (C:\Users\BERIOLE\Desktop\Projet soutenenace\projet\smarthealth\BACKEND\node_modules\@prisma\client\runtime\client.js:58:2399)
2026-04-29 16:21:06 [ERROR]: Error: SASL: SCRAM-SERVER-FIRST-MESSAGE: client password must be a string
    at C:\Users\BERIOLE\Desktop\Projet soutenenace\projet\smarthealth\BACKEND\node_modules\pg-pool\index.js:45:11
    at process.processTicksAndRejections (node:internal/process/task_queues:95:5)
    at async PrismaPgAdapter.performIO (C:\Users\BERIOLE\Desktop\Projet soutenenace\projet\smarthealth\BACKEND\node_modules\@prisma\adapter-pg\dist\index.js:654:22)
    at async PrismaPgAdapter.queryRaw (C:\Users\BERIOLE\Desktop\Projet soutenenace\projet\smarthealth\BACKEND\node_modules\@prisma\adapter-pg\dist\index.js:604:30)
    at async e.interpretNode (C:\Users\BERIOLE\Desktop\Projet soutenenace\projet\smarthealth\BACKEND\node_modules\@prisma\client\runtime\client.js:11:44601)
    at async e.interpretNode (C:\Users\BERIOLE\Desktop\Projet soutenenace\projet\smarthealth\BACKEND\node_modules\@prisma\client\runtime\client.js:11:45045)
    at async e.interpretNode (C:\Users\BERIOLE\Desktop\Projet soutenenace\projet\smarthealth\BACKEND\node_modules\@prisma\client\runtime\client.js:11:46265)
    at async e.run (C:\Users\BERIOLE\Desktop\Projet soutenenace\projet\smarthealth\BACKEND\node_modules\@prisma\client\runtime\client.js:11:43315)
    at async e.execute (C:\Users\BERIOLE\Desktop\Projet soutenenace\projet\smarthealth\BACKEND\node_modules\@prisma\client\runtime\client.js:57:815)
    at async jt.request (C:\Users\BERIOLE\Desktop\Projet soutenenace\projet\smarthealth\BACKEND\node_modules\@prisma\client\runtime\client.js:58:2399)
2026-04-29 16:21:06 [ERROR]: Error: SASL: SCRAM-SERVER-FIRST-MESSAGE: client password must be a string
    at C:\Users\BERIOLE\Desktop\Projet soutenenace\projet\smarthealth\BACKEND\node_modules\pg-pool\index.js:45:11
    at process.processTicksAndRejections (node:internal/process/task_queues:95:5)
    at async PrismaPgAdapter.performIO (C:\Users\BERIOLE\Desktop\Projet soutenenace\projet\smarthealth\BACKEND\node_modules\@prisma\adapter-pg\dist\index.js:654:22)
    at async PrismaPgAdapter.queryRaw (C:\Users\BERIOLE\Desktop\Projet soutenenace\projet\smarthealth\BACKEND\node_modules\@prisma\adapter-pg\dist\index.js:604:30)
    at async e.interpretNode (C:\Users\BERIOLE\Desktop\Projet soutenenace\projet\smarthealth\BACKEND\node_modules\@prisma\client\runtime\client.js:11:44601)
    at async e.interpretNode (C:\Users\BERIOLE\Desktop\Projet soutenenace\projet\smarthealth\BACKEND\node_modules\@prisma\client\runtime\client.js:11:45045)
    at async e.interpretNode (C:\Users\BERIOLE\Desktop\Projet soutenenace\projet\smarthealth\BACKEND\node_modules\@prisma\client\runtime\client.js:11:46265)
    at async e.run (C:\Users\BERIOLE\Desktop\Projet soutenenace\projet\smarthealth\BACKEND\node_modules\@prisma\client\runtime\client.js:11:43315)
    at async e.execute (C:\Users\BERIOLE\Desktop\Projet soutenenace\projet\smarthealth\BACKEND\node_modules\@prisma\client\runtime\client.js:57:815)
    at async jt.request (C:\Users\BERIOLE\Desktop\Projet soutenenace\projet\smarthealth\BACKEND\node_modules\@prisma\client\runtime\client.js:58:2399)
2026-04-29 16:59:23 [ERROR]: PrismaClientValidationError: 
Invalid `tx.utilisateur.create()` invocation in
C:\Users\BERIOLE\Desktop\Projet soutenenace\projet\smarthealth\BACKEND\services\utilisateurService.js:9:48

  6 async create(userData, roleData = {}) {
  7   return prisma.$transaction(async (tx) => {
  8     // 1. Créer l'utilisateur
→ 9     const utilisateur = await tx.utilisateur.create({
          data: {
            role: "MEDECIN",
            ~~~~
            nom: "Docteur",
            prenom: "Med",
            type_utilisateur: "MEDECIN",
            sexe: "M",
            email: "bernardmama95@gmail.com",
            telephone: "000000041",
            mot_de_passe_hash: "$2a$12$N0VifwIQiaU8BIuCmOLWBeizEF0izkU6UM2bGpNIZ7dQbpVS1ANS.",
        ?   id_utilisateur?: String,
        ?   date_naissance?: DateTime | Null,
        ?   photo_profil?: String | Null,
        ?   latitude?: Float | Null,
        ?   longitude?: Float | Null,
        ?   langue_preferee?: Langue,
        ?   statut_compte?: StatutCompte,
        ?   date_creation?: DateTime,
        ?   derniere_connexion?: DateTime | Null,
        ?   email_verifie?: DateTime | Null,
        ?   patient?: PatientCreateNestedOneWithoutUtilisateurInput,
        ?   professionnel?: ProfessionnelSanteCreateNestedOneWithoutUtilisateurInput,
        ?   livreur?: LivreurCreateNestedOneWithoutUtilisateurInput,
        ?   pharmacies?: PharmacieCreateNestedManyWithoutResponsableInput,
        ?   emploisPharmacie?: EmployePharmacieCreateNestedManyWithoutUtilisateurInput,
        ?   tuteurPatients?: PatientCreateNestedManyWithoutTuteurInput,
        ?   accesCarnets?: AccesCarnetCreateNestedManyWithoutAccedantInput
          }
        })

Unknown argument `role`. Did you mean `nom`? Available options are marked with ?.
    at ar (C:\Users\BERIOLE\Desktop\Projet soutenenace\projet\smarthealth\BACKEND\node_modules\@prisma\client\runtime\client.js:10:1374)
    at Gr.handleRequestError (C:\Users\BERIOLE\Desktop\Projet soutenenace\projet\smarthealth\BACKEND\node_modules\@prisma\client\runtime\client.js:65:7929)
    at Gr.handleAndLogRequestError (C:\Users\BERIOLE\Desktop\Projet soutenenace\projet\smarthealth\BACKEND\node_modules\@prisma\client\runtime\client.js:65:7581)
    at Gr.request (C:\Users\BERIOLE\Desktop\Projet soutenenace\projet\smarthealth\BACKEND\node_modules\@prisma\client\runtime\client.js:65:7288)
    at process.processTicksAndRejections (node:internal/process/task_queues:95:5)
    at async a (C:\Users\BERIOLE\Desktop\Projet soutenenace\projet\smarthealth\BACKEND\node_modules\@prisma\client\runtime\client.js:75:6730)
    at async C:\Users\BERIOLE\Desktop\Projet soutenenace\projet\smarthealth\BACKEND\services\utilisateurService.js:9:27
    at async Proxy._transactionWithCallback (C:\Users\BERIOLE\Desktop\Projet soutenenace\projet\smarthealth\BACKEND\node_modules\@prisma\client\runtime\client.js:75:4668)
    at async exports.register (C:\Users\BERIOLE\Desktop\Projet soutenenace\projet\smarthealth\BACKEND\controllers\authController.js:30:25)
2026-04-30 05:05:23 [ERROR]: PrismaClientValidationError: 
Invalid `tx.utilisateur.create()` invocation in
C:\Users\BERIOLE\Desktop\Projet soutenenace\projet\smarthealth\BACKEND\services\utilisateurService.js:9:48

  6 async create(userData, roleData = {}) {
  7   return prisma.$transaction(async (tx) => {
  8     // 1. Créer l'utilisateur
→ 9     const utilisateur = await tx.utilisateur.create({
          data: {
            label: "MEDECIN",
            ~~~~~
            type_utilisateur: "MEDECIN",
            nom: "Docteur",
            prenom: "Med",
            sexe: "M",
            email: "bernardmama95@gmail.com",
            telephone: "000000041",
            mot_de_passe_hash: "$2a$12$BV2ndbi47gK3vvsKP7z6b.JuZqjTFj1mvIeqbHSGTiIeRBeixRn3G",
        ?   id_utilisateur?: String,
        ?   date_naissance?: DateTime | Null,
        ?   photo_profil?: String | Null,
        ?   latitude?: Float | Null,
        ?   longitude?: Float | Null,
        ?   langue_preferee?: Langue,
        ?   statut_compte?: StatutCompte,
        ?   date_creation?: DateTime,
        ?   derniere_connexion?: DateTime | Null,
        ?   email_verifie?: DateTime | Null,
        ?   patient?: PatientCreateNestedOneWithoutUtilisateurInput,
        ?   professionnel?: ProfessionnelSanteCreateNestedOneWithoutUtilisateurInput,
        ?   livreur?: LivreurCreateNestedOneWithoutUtilisateurInput,
        ?   pharmacies?: PharmacieCreateNestedManyWithoutResponsableInput,
        ?   emploisPharmacie?: EmployePharmacieCreateNestedManyWithoutUtilisateurInput,
        ?   tuteurPatients?: PatientCreateNestedManyWithoutTuteurInput,
        ?   accesCarnets?: AccesCarnetCreateNestedManyWithoutAccedantInput
          }
        })

Unknown argument `label`. Available options are marked with ?.
    at ar (C:\Users\BERIOLE\Desktop\Projet soutenenace\projet\smarthealth\BACKEND\node_modules\@prisma\client\runtime\client.js:10:1374)
    at Gr.handleRequestError (C:\Users\BERIOLE\Desktop\Projet soutenenace\projet\smarthealth\BACKEND\node_modules\@prisma\client\runtime\client.js:65:7929)
    at Gr.handleAndLogRequestError (C:\Users\BERIOLE\Desktop\Projet soutenenace\projet\smarthealth\BACKEND\node_modules\@prisma\client\runtime\client.js:65:7581)
    at Gr.request (C:\Users\BERIOLE\Desktop\Projet soutenenace\projet\smarthealth\BACKEND\node_modules\@prisma\client\runtime\client.js:65:7288)
    at process.processTicksAndRejections (node:internal/process/task_queues:95:5)
    at async a (C:\Users\BERIOLE\Desktop\Projet soutenenace\projet\smarthealth\BACKEND\node_modules\@prisma\client\runtime\client.js:75:6730)
    at async C:\Users\BERIOLE\Desktop\Projet soutenenace\projet\smarthealth\BACKEND\services\utilisateurService.js:9:27
    at async Proxy._transactionWithCallback (C:\Users\BERIOLE\Desktop\Projet soutenenace\projet\smarthealth\BACKEND\node_modules\@prisma\client\runtime\client.js:75:4668)
    at async exports.register (C:\Users\BERIOLE\Desktop\Projet soutenenace\projet\smarthealth\BACKEND\controllers\authController.js:30:25)
2026-06-12 12:25:25 [ERROR]: PrismaClientValidationError: 
Invalid `tx.ordonnance.create()` invocation in
C:\Users\BERIOLE\Desktop\Mes_dossier\Projet soutenenace\projet\smarthealth\BACKEND\controllers\ordonnanceController.js:89:46

  86 };
  87 
  88 const result = await prisma.$transaction(async (tx) => {
→ 89   const ordonnance = await tx.ordonnance.create({
         data: {
           id_consultation: "ba24e4f5-a70f-4198-b74c-1f0b45258fe7",
           instructions: "Prendre après les repas",
           date_validite: "2026-07-12T11:25:25.554Z",
           id_patient: "a4818b15-dfe2-43a8-870e-c1ac708cc6a7",
           id_professionnel: "9d471c72-8ed2-42c9-93aa-80b3682fbb65",
           date_emission: new Date("2026-06-12T11:25:25.591Z"),
           signature_numerique: "33c8ee97821045a758f68698b6bd4521205360b41c3b4b3485b2bf1b31569e29",
       +   date_expiration: DateTime
         }
       })

Argument `date_expiration` is missing.
    at ar (C:\Users\BERIOLE\Desktop\Mes_dossier\Projet soutenenace\projet\smarthealth\BACKEND\node_modules\@prisma\client\src\runtime\core\errorRendering\throwValidationException.ts:46:9)
    at Gr.throwValidationException [as handleRequestError] (C:\Users\BERIOLE\Desktop\Mes_dossier\Projet soutenenace\projet\smarthealth\BACKEND\node_modules\@prisma\client\src\runtime\RequestHandler.ts:211:7)
    at Gr.handleAndLogRequestError (C:\Users\BERIOLE\Desktop\Mes_dossier\Projet soutenenace\projet\smarthealth\BACKEND\node_modules\@prisma\client\src\runtime\RequestHandler.ts:183:12)
    at Gr.request (C:\Users\BERIOLE\Desktop\Mes_dossier\Projet soutenenace\projet\smarthealth\BACKEND\node_modules\@prisma\client\src\runtime\RequestHandler.ts:152:12)
    at processTicksAndRejections (node:internal/process/task_queues:95:5)
    at a (C:\Users\BERIOLE\Desktop\Mes_dossier\Projet soutenenace\projet\smarthealth\BACKEND\node_modules\@prisma\client\src\runtime\getPrismaClient.ts:938:24)
    at C:\Users\BERIOLE\Desktop\Mes_dossier\Projet soutenenace\projet\smarthealth\BACKEND\controllers\ordonnanceController.js:89:26
    at Proxy._transactionWithCallback (C:\Users\BERIOLE\Desktop\Mes_dossier\Projet soutenenace\projet\smarthealth\BACKEND\node_modules\@prisma\client\src\runtime\getPrismaClient.ts:785:18)
    at exports.create (C:\Users\BERIOLE\Desktop\Mes_dossier\Projet soutenenace\projet\smarthealth\BACKEND\controllers\ordonnanceController.js:88:20)
2026-06-12 12:25:31 [ERROR]: PrismaClientValidationError: 
Invalid `prisma.pharmacie.create()` invocation in
C:\Users\BERIOLE\Desktop\Mes_dossier\Projet soutenenace\projet\smarthealth\BACKEND\controllers\pharmacieController.js:62:46

  59   data.id_responsable = req.user.id;
  60 }
  61 
→ 62 const pharmacie = await prisma.pharmacie.create({
       data: {
         nom_pharmacie: "Pharmacie Centrale",
         numero_autorisation: "AUTH-001",
         adresse: "Douala, Bonanjo",
         telephone: "000000032",
         latitude: 4.05,
         longitude: 9.7,
     +   responsable: {
     +     create: UtilisateurCreateWithoutPharmaciesInput | UtilisateurUncheckedCreateWithoutPharmaciesInput,
     +     connectOrCreate: UtilisateurCreateOrConnectWithoutPharmaciesInput,
     +     connect: UtilisateurWhereUniqueInput
     +   }
       }
     })

Argument `responsable` is missing.
    at ar (C:\Users\BERIOLE\Desktop\Mes_dossier\Projet soutenenace\projet\smarthealth\BACKEND\node_modules\@prisma\client\src\runtime\core\errorRendering\throwValidationException.ts:46:9)
    at Gr.throwValidationException [as handleRequestError] (C:\Users\BERIOLE\Desktop\Mes_dossier\Projet soutenenace\projet\smarthealth\BACKEND\node_modules\@prisma\client\src\runtime\RequestHandler.ts:211:7)
    at Gr.handleAndLogRequestError (C:\Users\BERIOLE\Desktop\Mes_dossier\Projet soutenenace\projet\smarthealth\BACKEND\node_modules\@prisma\client\src\runtime\RequestHandler.ts:183:12)
    at Gr.request (C:\Users\BERIOLE\Desktop\Mes_dossier\Projet soutenenace\projet\smarthealth\BACKEND\node_modules\@prisma\client\src\runtime\RequestHandler.ts:152:12)
    at processTicksAndRejections (node:internal/process/task_queues:95:5)
    at a (C:\Users\BERIOLE\Desktop\Mes_dossier\Projet soutenenace\projet\smarthealth\BACKEND\node_modules\@prisma\client\src\runtime\getPrismaClient.ts:938:24)
    at exports.create (C:\Users\BERIOLE\Desktop\Mes_dossier\Projet soutenenace\projet\smarthealth\BACKEND\controllers\pharmacieController.js:62:23)
2026-06-12 12:25:31 [ERROR]: PrismaClientValidationError: 
Invalid `prisma.pharmacie.findMany()` invocation in
C:\Users\BERIOLE\Desktop\Mes_dossier\Projet soutenenace\projet\smarthealth\BACKEND\controllers\pharmacieController.js:16:24

  13 }
  14 
  15 const [data, total] = await Promise.all([
→ 16   prisma.pharmacie.findMany({
         where: {},
         skip: 0,
         take: "10",
               ~~~~
         include: {
           responsable: true
         },
         orderBy: {
           nom_pharmacie: "asc"
         }
       })

Argument `take`: Invalid value provided. Expected Int, provided String.
    at ar (C:\Users\BERIOLE\Desktop\Mes_dossier\Projet soutenenace\projet\smarthealth\BACKEND\node_modules\@prisma\client\src\runtime\core\errorRendering\throwValidationException.ts:46:9)
    at Gr.throwValidationException [as handleRequestError] (C:\Users\BERIOLE\Desktop\Mes_dossier\Projet soutenenace\projet\smarthealth\BACKEND\node_modules\@prisma\client\src\runtime\RequestHandler.ts:211:7)
    at Gr.handleAndLogRequestError (C:\Users\BERIOLE\Desktop\Mes_dossier\Projet soutenenace\projet\smarthealth\BACKEND\node_modules\@prisma\client\src\runtime\RequestHandler.ts:183:12)
    at Gr.request (C:\Users\BERIOLE\Desktop\Mes_dossier\Projet soutenenace\projet\smarthealth\BACKEND\node_modules\@prisma\client\src\runtime\RequestHandler.ts:152:12)
    at processTicksAndRejections (node:internal/process/task_queues:95:5)
    at a (C:\Users\BERIOLE\Desktop\Mes_dossier\Projet soutenenace\projet\smarthealth\BACKEND\node_modules\@prisma\client\src\runtime\getPrismaClient.ts:938:24)
    at async Promise.all (index 0)
    at exports.getAll (C:\Users\BERIOLE\Desktop\Mes_dossier\Projet soutenenace\projet\smarthealth\BACKEND\controllers\pharmacieController.js:15:27)
2026-06-12 12:25:43 [ERROR]: PrismaClientKnownRequestError: 
Invalid `tx.professionnelSante.create()` invocation in
C:\Users\BERIOLE\Desktop\Mes_dossier\Projet soutenenace\projet\smarthealth\BACKEND\services\utilisateurService.js:36:37

  33 } else if (['MEDECIN', 'INFIRMIER'].includes(utilisateur.type_utilisateur)) {
  34   // Les médecins ET les infirmiers ont un profil professionnel de santé
  35   // (les interventions à domicile référencent ProfessionnelSante).
→ 36   await tx.professionnelSante.create(
Unique constraint failed on the (not available)
    at Gr.handleRequestError (C:\Users\BERIOLE\Desktop\Mes_dossier\Projet soutenenace\projet\smarthealth\BACKEND\node_modules\@prisma\client\src\runtime\RequestHandler.ts:237:13)
    at Gr.handleAndLogRequestError (C:\Users\BERIOLE\Desktop\Mes_dossier\Projet soutenenace\projet\smarthealth\BACKEND\node_modules\@prisma\client\src\runtime\RequestHandler.ts:183:12)
    at Gr.request (C:\Users\BERIOLE\Desktop\Mes_dossier\Projet soutenenace\projet\smarthealth\BACKEND\node_modules\@prisma\client\src\runtime\RequestHandler.ts:152:12)
    at processTicksAndRejections (node:internal/process/task_queues:95:5)
    at a (C:\Users\BERIOLE\Desktop\Mes_dossier\Projet soutenenace\projet\smarthealth\BACKEND\node_modules\@prisma\client\src\runtime\getPrismaClient.ts:938:24)
    at C:\Users\BERIOLE\Desktop\Mes_dossier\Projet soutenenace\projet\smarthealth\BACKEND\services\utilisateurService.js:36:9
    at Proxy._transactionWithCallback (C:\Users\BERIOLE\Desktop\Mes_dossier\Projet soutenenace\projet\smarthealth\BACKEND\node_modules\@prisma\client\src\runtime\getPrismaClient.ts:785:18)
    at exports.register (C:\Users\BERIOLE\Desktop\Mes_dossier\Projet soutenenace\projet\smarthealth\BACKEND\controllers\authController.js:42:25)
2026-06-12 12:26:09 [ERROR]: PrismaClientValidationError: 
Invalid `tx.rappelTraitement.create()` invocation in
C:\Users\BERIOLE\Desktop\Mes_dossier\Projet soutenenace\projet\smarthealth\BACKEND\controllers\rappelController.js:19:51

  16 if (start >= end) throw new ValidationError('La date de fin doit être après la date de début.');
  17 
  18 const rappel = await prisma.$transaction(async (tx) => {
→ 19   const newRappel = await tx.rappelTraitement.create({
         data: {
           id_patient: "d7f5b844-83d6-4d8f-9e2e-0e6b129fe5c2",
           id_ordonnance: undefined,
           id_medicament: null,
           frequence: undefined,
           heure_prise: undefined,
           date_debut: new Date("2026-06-12T11:26:09.707Z"),
           date_fin: new Date("Invalid Date"),
                     ~~~~~~~~~~~~~~~~~~~~~~~~
           canal_notification: "sms",
           alerte_tuteur_active: false
         }
       })

Invalid value for argument `date_fin`: Provided Date object is invalid. Expected Date.
    at ar (C:\Users\BERIOLE\Desktop\Mes_dossier\Projet soutenenace\projet\smarthealth\BACKEND\node_modules\@prisma\client\src\runtime\core\errorRendering\throwValidationException.ts:46:9)
    at e.throwValidationException [as throwValidationError] (C:\Users\BERIOLE\Desktop\Mes_dossier\Projet soutenenace\projet\smarthealth\BACKEND\node_modules\@prisma\client\src\runtime\core\jsonProtocol\serializeJsonQuery.ts:458:5)
    at Ao (C:\Users\BERIOLE\Desktop\Mes_dossier\Projet soutenenace\projet\smarthealth\BACKEND\node_modules\@prisma\client\src\runtime\core\jsonProtocol\serializeJsonQuery.ts:288:15)
    at serializeArgumentsValue (C:\Users\BERIOLE\Desktop\Mes_dossier\Projet soutenenace\projet\smarthealth\BACKEND\node_modules\@prisma\client\src\runtime\core\jsonProtocol\serializeJsonQuery.ts:374:21)
    at serializeArgumentsObject (C:\Users\BERIOLE\Desktop\Mes_dossier\Projet soutenenace\projet\smarthealth\BACKEND\node_modules\@prisma\client\src\runtime\core\jsonProtocol\serializeJsonQuery.ts:340:12)
    at serializeArgumentsValue (C:\Users\BERIOLE\Desktop\Mes_dossier\Projet soutenenace\projet\smarthealth\BACKEND\node_modules\@prisma\client\src\runtime\core\jsonProtocol\serializeJsonQuery.ts:374:21)
    at serializeArgumentsObject (C:\Users\BERIOLE\Desktop\Mes_dossier\Projet soutenenace\projet\smarthealth\BACKEND\node_modules\@prisma\client\src\runtime\core\jsonProtocol\serializeJsonQuery.ts:127:16)
    at serializeFieldSelection (C:\Users\BERIOLE\Desktop\Mes_dossier\Projet soutenenace\projet\smarthealth\BACKEND\node_modules\@prisma\client\src\runtime\core\jsonProtocol\serializeJsonQuery.ts:116:12)
    at serializeJsonQuery (C:\Users\BERIOLE\Desktop\Mes_dossier\Projet soutenenace\projet\smarthealth\BACKEND\node_modules\@prisma\client\src\runtime\getPrismaClient.ts:993:11)
    at Object.callback [as runInChildSpan] (C:\Users\BERIOLE\Desktop\Mes_dossier\Projet soutenenace\projet\smarthealth\BACKEND\node_modules\@prisma\client\src\runtime\core\tracing\TracingHelper.ts:28:12)
    at di.runInChildSpan (C:\Users\BERIOLE\Desktop\Mes_dossier\Projet soutenenace\projet\smarthealth\BACKEND\node_modules\@prisma\client\src\runtime\core\tracing\TracingHelper.ts:53:36)
    at Proxy._executeRequest (C:\Users\BERIOLE\Desktop\Mes_dossier\Projet soutenenace\projet\smarthealth\BACKEND\node_modules\@prisma\client\src\runtime\getPrismaClient.ts:992:45)
    at Yo (C:\Users\BERIOLE\Desktop\Mes_dossier\Projet soutenenace\projet\smarthealth\BACKEND\node_modules\@prisma\client\src\runtime\core\extensions\applyQueryExtensions.ts:58:19)
    at applyQueryExtensions (C:\Users\BERIOLE\Desktop\Mes_dossier\Projet soutenenace\projet\smarthealth\BACKEND\node_modules\@prisma\client\src\runtime\getPrismaClient.ts:938:30)
    at consumer (C:\Users\BERIOLE\Desktop\Mes_dossier\Projet soutenenace\projet\smarthealth\BACKEND\node_modules\@prisma\client\src\runtime\getPrismaClient.ts:964:49)
    at AsyncResource.runInAsyncScope (node:async_hooks:206:9)
    at C:\Users\BERIOLE\Desktop\Mes_dossier\Projet soutenenace\projet\smarthealth\BACKEND\node_modules\@prisma\client\src\runtime\getPrismaClient.ts:964:27
    at Object.callback [as runInChildSpan] (C:\Users\BERIOLE\Desktop\Mes_dossier\Projet soutenenace\projet\smarthealth\BACKEND\node_modules\@prisma\client\src\runtime\core\tracing\TracingHelper.ts:28:12)
    at di.runInChildSpan (C:\Users\BERIOLE\Desktop\Mes_dossier\Projet soutenenace\projet\smarthealth\BACKEND\node_modules\@prisma\client\src\runtime\core\tracing\TracingHelper.ts:53:36)
    at Proxy._request (C:\Users\BERIOLE\Desktop\Mes_dossier\Projet soutenenace\projet\smarthealth\BACKEND\node_modules\@prisma\client\src\runtime\getPrismaClient.ts:960:34)
    at e._createPrismaPromise.action (C:\Users\BERIOLE\Desktop\Mes_dossier\Projet soutenenace\projet\smarthealth\BACKEND\node_modules\@prisma\client\src\runtime\core\model\applyModel.ts:103:27)
    at callback (C:\Users\BERIOLE\Desktop\Mes_dossier\Projet soutenenace\projet\smarthealth\BACKEND\node_modules\@prisma\client\src\runtime\core\request\createPrismaPromise.ts:34:46)
    at Proxy._callback (C:\Users\BERIOLE\Desktop\Mes_dossier\Projet soutenenace\projet\smarthealth\BACKEND\node_modules\@prisma\client\src\runtime\core\request\createPrismaPromise.ts:52:16)
    at processTicksAndRejections (node:internal/process/task_queues:95:5)
2026-06-12 12:26:12 [ERROR]: PrismaClientKnownRequestError: 
Invalid `tx.professionnelSante.create()` invocation in
C:\Users\BERIOLE\Desktop\Mes_dossier\Projet soutenenace\projet\smarthealth\BACKEND\services\utilisateurService.js:36:37

  33 } else if (['MEDECIN', 'INFIRMIER'].includes(utilisateur.type_utilisateur)) {
  34   // Les médecins ET les infirmiers ont un profil professionnel de santé
  35   // (les interventions à domicile référencent ProfessionnelSante).
→ 36   await tx.professionnelSante.create(
Unique constraint failed on the (not available)
    at Gr.handleRequestError (C:\Users\BERIOLE\Desktop\Mes_dossier\Projet soutenenace\projet\smarthealth\BACKEND\node_modules\@prisma\client\src\runtime\RequestHandler.ts:237:13)
    at Gr.handleAndLogRequestError (C:\Users\BERIOLE\Desktop\Mes_dossier\Projet soutenenace\projet\smarthealth\BACKEND\node_modules\@prisma\client\src\runtime\RequestHandler.ts:183:12)
    at Gr.request (C:\Users\BERIOLE\Desktop\Mes_dossier\Projet soutenenace\projet\smarthealth\BACKEND\node_modules\@prisma\client\src\runtime\RequestHandler.ts:152:12)
    at processTicksAndRejections (node:internal/process/task_queues:95:5)
    at a (C:\Users\BERIOLE\Desktop\Mes_dossier\Projet soutenenace\projet\smarthealth\BACKEND\node_modules\@prisma\client\src\runtime\getPrismaClient.ts:938:24)
    at C:\Users\BERIOLE\Desktop\Mes_dossier\Projet soutenenace\projet\smarthealth\BACKEND\services\utilisateurService.js:36:9
    at Proxy._transactionWithCallback (C:\Users\BERIOLE\Desktop\Mes_dossier\Projet soutenenace\projet\smarthealth\BACKEND\node_modules\@prisma\client\src\runtime\getPrismaClient.ts:785:18)
    at exports.register (C:\Users\BERIOLE\Desktop\Mes_dossier\Projet soutenenace\projet\smarthealth\BACKEND\controllers\authController.js:42:25)
2026-06-12 12:27:48 [ERROR]: PrismaClientValidationError: 
Invalid `tx.ordonnance.create()` invocation in
C:\Users\BERIOLE\Desktop\Mes_dossier\Projet soutenenace\projet\smarthealth\BACKEND\controllers\ordonnanceController.js:89:46

  86 };
  87 
  88 const result = await prisma.$transaction(async (tx) => {
→ 89   const ordonnance = await tx.ordonnance.create({
         data: {
           id_consultation: "f336ae1f-0703-4b2e-b1c4-f8c906b3aff7",
           instructions: "Prendre après les repas",
           date_validite: "2026-07-12T11:27:48.496Z",
           id_patient: "780d7511-1c25-43f9-92d9-9098c2aee33e",
           id_professionnel: "bbd15624-1d47-4aa3-8811-1b6b4a819f24",
           date_emission: new Date("2026-06-12T11:27:48.519Z"),
           signature_numerique: "a6e5a0c92ace528faa646cd970b2eb09440c908eeb8fdc2a22b49d670d84e099",
       +   date_expiration: DateTime
         }
       })

Argument `date_expiration` is missing.
    at ar (C:\Users\BERIOLE\Desktop\Mes_dossier\Projet soutenenace\projet\smarthealth\BACKEND\node_modules\@prisma\client\src\runtime\core\errorRendering\throwValidationException.ts:46:9)
    at Gr.throwValidationException [as handleRequestError] (C:\Users\BERIOLE\Desktop\Mes_dossier\Projet soutenenace\projet\smarthealth\BACKEND\node_modules\@prisma\client\src\runtime\RequestHandler.ts:211:7)
    at Gr.handleAndLogRequestError (C:\Users\BERIOLE\Desktop\Mes_dossier\Projet soutenenace\projet\smarthealth\BACKEND\node_modules\@prisma\client\src\runtime\RequestHandler.ts:183:12)
    at Gr.request (C:\Users\BERIOLE\Desktop\Mes_dossier\Projet soutenenace\projet\smarthealth\BACKEND\node_modules\@prisma\client\src\runtime\RequestHandler.ts:152:12)
    at processTicksAndRejections (node:internal/process/task_queues:95:5)
    at a (C:\Users\BERIOLE\Desktop\Mes_dossier\Projet soutenenace\projet\smarthealth\BACKEND\node_modules\@prisma\client\src\runtime\getPrismaClient.ts:938:24)
    at C:\Users\BERIOLE\Desktop\Mes_dossier\Projet soutenenace\projet\smarthealth\BACKEND\controllers\ordonnanceController.js:89:26
    at Proxy._transactionWithCallback (C:\Users\BERIOLE\Desktop\Mes_dossier\Projet soutenenace\projet\smarthealth\BACKEND\node_modules\@prisma\client\src\runtime\getPrismaClient.ts:785:18)
    at exports.create (C:\Users\BERIOLE\Desktop\Mes_dossier\Projet soutenenace\projet\smarthealth\BACKEND\controllers\ordonnanceController.js:88:20)
2026-06-12 12:27:56 [ERROR]: PrismaClientValidationError: 
Invalid `prisma.pharmacie.create()` invocation in
C:\Users\BERIOLE\Desktop\Mes_dossier\Projet soutenenace\projet\smarthealth\BACKEND\controllers\pharmacieController.js:62:46

  59   data.id_responsable = req.user.id;
  60 }
  61 
→ 62 const pharmacie = await prisma.pharmacie.create({
       data: {
         nom_pharmacie: "Pharmacie Centrale",
         numero_autorisation: "AUTH-001",
         adresse: "Douala, Bonanjo",
         telephone: "000000032",
         latitude: 4.05,
         longitude: 9.7,
     +   responsable: {
     +     create: UtilisateurCreateWithoutPharmaciesInput | UtilisateurUncheckedCreateWithoutPharmaciesInput,
     +     connectOrCreate: UtilisateurCreateOrConnectWithoutPharmaciesInput,
     +     connect: UtilisateurWhereUniqueInput
     +   }
       }
     })

Argument `responsable` is missing.
    at ar (C:\Users\BERIOLE\Desktop\Mes_dossier\Projet soutenenace\projet\smarthealth\BACKEND\node_modules\@prisma\client\src\runtime\core\errorRendering\throwValidationException.ts:46:9)
    at Gr.throwValidationException [as handleRequestError] (C:\Users\BERIOLE\Desktop\Mes_dossier\Projet soutenenace\projet\smarthealth\BACKEND\node_modules\@prisma\client\src\runtime\RequestHandler.ts:211:7)
    at Gr.handleAndLogRequestError (C:\Users\BERIOLE\Desktop\Mes_dossier\Projet soutenenace\projet\smarthealth\BACKEND\node_modules\@prisma\client\src\runtime\RequestHandler.ts:183:12)
    at Gr.request (C:\Users\BERIOLE\Desktop\Mes_dossier\Projet soutenenace\projet\smarthealth\BACKEND\node_modules\@prisma\client\src\runtime\RequestHandler.ts:152:12)
    at processTicksAndRejections (node:internal/process/task_queues:95:5)
    at a (C:\Users\BERIOLE\Desktop\Mes_dossier\Projet soutenenace\projet\smarthealth\BACKEND\node_modules\@prisma\client\src\runtime\getPrismaClient.ts:938:24)
    at exports.create (C:\Users\BERIOLE\Desktop\Mes_dossier\Projet soutenenace\projet\smarthealth\BACKEND\controllers\pharmacieController.js:62:23)
2026-06-12 12:27:56 [ERROR]: PrismaClientValidationError: 
Invalid `prisma.pharmacie.findMany()` invocation in
C:\Users\BERIOLE\Desktop\Mes_dossier\Projet soutenenace\projet\smarthealth\BACKEND\controllers\pharmacieController.js:16:24

  13 }
  14 
  15 const [data, total] = await Promise.all([
→ 16   prisma.pharmacie.findMany({
         where: {},
         skip: 0,
         take: "10",
               ~~~~
         include: {
           responsable: true
         },
         orderBy: {
           nom_pharmacie: "asc"
         }
       })

Argument `take`: Invalid value provided. Expected Int, provided String.
    at ar (C:\Users\BERIOLE\Desktop\Mes_dossier\Projet soutenenace\projet\smarthealth\BACKEND\node_modules\@prisma\client\src\runtime\core\errorRendering\throwValidationException.ts:46:9)
    at Gr.throwValidationException [as handleRequestError] (C:\Users\BERIOLE\Desktop\Mes_dossier\Projet soutenenace\projet\smarthealth\BACKEND\node_modules\@prisma\client\src\runtime\RequestHandler.ts:211:7)
    at Gr.handleAndLogRequestError (C:\Users\BERIOLE\Desktop\Mes_dossier\Projet soutenenace\projet\smarthealth\BACKEND\node_modules\@prisma\client\src\runtime\RequestHandler.ts:183:12)
    at Gr.request (C:\Users\BERIOLE\Desktop\Mes_dossier\Projet soutenenace\projet\smarthealth\BACKEND\node_modules\@prisma\client\src\runtime\RequestHandler.ts:152:12)
    at processTicksAndRejections (node:internal/process/task_queues:95:5)
    at a (C:\Users\BERIOLE\Desktop\Mes_dossier\Projet soutenenace\projet\smarthealth\BACKEND\node_modules\@prisma\client\src\runtime\getPrismaClient.ts:938:24)
    at async Promise.all (index 0)
    at exports.getAll (C:\Users\BERIOLE\Desktop\Mes_dossier\Projet soutenenace\projet\smarthealth\BACKEND\controllers\pharmacieController.js:15:27)
2026-06-12 12:28:41 [ERROR]: PrismaClientKnownRequestError: 
Invalid `tx.professionnelSante.create()` invocation in
C:\Users\BERIOLE\Desktop\Mes_dossier\Projet soutenenace\projet\smarthealth\BACKEND\services\utilisateurService.js:36:37

  33 } else if (['MEDECIN', 'INFIRMIER'].includes(utilisateur.type_utilisateur)) {
  34   // Les médecins ET les infirmiers ont un profil professionnel de santé
  35   // (les interventions à domicile référencent ProfessionnelSante).
→ 36   await tx.professionnelSante.create(
Unique constraint failed on the (not available)
    at Gr.handleRequestError (C:\Users\BERIOLE\Desktop\Mes_dossier\Projet soutenenace\projet\smarthealth\BACKEND\node_modules\@prisma\client\src\runtime\RequestHandler.ts:237:13)
    at Gr.handleAndLogRequestError (C:\Users\BERIOLE\Desktop\Mes_dossier\Projet soutenenace\projet\smarthealth\BACKEND\node_modules\@prisma\client\src\runtime\RequestHandler.ts:183:12)
    at Gr.request (C:\Users\BERIOLE\Desktop\Mes_dossier\Projet soutenenace\projet\smarthealth\BACKEND\node_modules\@prisma\client\src\runtime\RequestHandler.ts:152:12)
    at processTicksAndRejections (node:internal/process/task_queues:95:5)
    at a (C:\Users\BERIOLE\Desktop\Mes_dossier\Projet soutenenace\projet\smarthealth\BACKEND\node_modules\@prisma\client\src\runtime\getPrismaClient.ts:938:24)
    at C:\Users\BERIOLE\Desktop\Mes_dossier\Projet soutenenace\projet\smarthealth\BACKEND\services\utilisateurService.js:36:9
    at Proxy._transactionWithCallback (C:\Users\BERIOLE\Desktop\Mes_dossier\Projet soutenenace\projet\smarthealth\BACKEND\node_modules\@prisma\client\src\runtime\getPrismaClient.ts:785:18)
    at exports.register (C:\Users\BERIOLE\Desktop\Mes_dossier\Projet soutenenace\projet\smarthealth\BACKEND\controllers\authController.js:42:25)
2026-06-12 12:28:47 [ERROR]: PrismaClientValidationError: 
Invalid `tx.rappelTraitement.create()` invocation in
C:\Users\BERIOLE\Desktop\Mes_dossier\Projet soutenenace\projet\smarthealth\BACKEND\controllers\rappelController.js:19:51

  16 if (start >= end) throw new ValidationError('La date de fin doit être après la date de début.');
  17 
  18 const rappel = await prisma.$transaction(async (tx) => {
→ 19   const newRappel = await tx.rappelTraitement.create({
         data: {
           id_patient: "8cd9d5c4-2c7f-4bec-b556-964c279fcc73",
           id_ordonnance: undefined,
           id_medicament: null,
           frequence: undefined,
           heure_prise: undefined,
           date_debut: new Date("2026-06-12T11:28:47.476Z"),
           date_fin: new Date("Invalid Date"),
                     ~~~~~~~~~~~~~~~~~~~~~~~~
           canal_notification: "sms",
           alerte_tuteur_active: false
         }
       })

Invalid value for argument `date_fin`: Provided Date object is invalid. Expected Date.
    at ar (C:\Users\BERIOLE\Desktop\Mes_dossier\Projet soutenenace\projet\smarthealth\BACKEND\node_modules\@prisma\client\src\runtime\core\errorRendering\throwValidationException.ts:46:9)
    at e.throwValidationException [as throwValidationError] (C:\Users\BERIOLE\Desktop\Mes_dossier\Projet soutenenace\projet\smarthealth\BACKEND\node_modules\@prisma\client\src\runtime\core\jsonProtocol\serializeJsonQuery.ts:458:5)
    at Ao (C:\Users\BERIOLE\Desktop\Mes_dossier\Projet soutenenace\projet\smarthealth\BACKEND\node_modules\@prisma\client\src\runtime\core\jsonProtocol\serializeJsonQuery.ts:288:15)
    at serializeArgumentsValue (C:\Users\BERIOLE\Desktop\Mes_dossier\Projet soutenenace\projet\smarthealth\BACKEND\node_modules\@prisma\client\src\runtime\core\jsonProtocol\serializeJsonQuery.ts:374:21)
    at serializeArgumentsObject (C:\Users\BERIOLE\Desktop\Mes_dossier\Projet soutenenace\projet\smarthealth\BACKEND\node_modules\@prisma\client\src\runtime\core\jsonProtocol\serializeJsonQuery.ts:340:12)
    at serializeArgumentsValue (C:\Users\BERIOLE\Desktop\Mes_dossier\Projet soutenenace\projet\smarthealth\BACKEND\node_modules\@prisma\client\src\runtime\core\jsonProtocol\serializeJsonQuery.ts:374:21)
    at serializeArgumentsObject (C:\Users\BERIOLE\Desktop\Mes_dossier\Projet soutenenace\projet\smarthealth\BACKEND\node_modules\@prisma\client\src\runtime\core\jsonProtocol\serializeJsonQuery.ts:127:16)
    at serializeFieldSelection (C:\Users\BERIOLE\Desktop\Mes_dossier\Projet soutenenace\projet\smarthealth\BACKEND\node_modules\@prisma\client\src\runtime\core\jsonProtocol\serializeJsonQuery.ts:116:12)
    at serializeJsonQuery (C:\Users\BERIOLE\Desktop\Mes_dossier\Projet soutenenace\projet\smarthealth\BACKEND\node_modules\@prisma\client\src\runtime\getPrismaClient.ts:993:11)
    at Object.callback [as runInChildSpan] (C:\Users\BERIOLE\Desktop\Mes_dossier\Projet soutenenace\projet\smarthealth\BACKEND\node_modules\@prisma\client\src\runtime\core\tracing\TracingHelper.ts:28:12)
    at di.runInChildSpan (C:\Users\BERIOLE\Desktop\Mes_dossier\Projet soutenenace\projet\smarthealth\BACKEND\node_modules\@prisma\client\src\runtime\core\tracing\TracingHelper.ts:53:36)
    at Proxy._executeRequest (C:\Users\BERIOLE\Desktop\Mes_dossier\Projet soutenenace\projet\smarthealth\BACKEND\node_modules\@prisma\client\src\runtime\getPrismaClient.ts:992:45)
    at Yo (C:\Users\BERIOLE\Desktop\Mes_dossier\Projet soutenenace\projet\smarthealth\BACKEND\node_modules\@prisma\client\src\runtime\core\extensions\applyQueryExtensions.ts:58:19)
    at applyQueryExtensions (C:\Users\BERIOLE\Desktop\Mes_dossier\Projet soutenenace\projet\smarthealth\BACKEND\node_modules\@prisma\client\src\runtime\getPrismaClient.ts:938:30)
    at consumer (C:\Users\BERIOLE\Desktop\Mes_dossier\Projet soutenenace\projet\smarthealth\BACKEND\node_modules\@prisma\client\src\runtime\getPrismaClient.ts:964:49)
    at AsyncResource.runInAsyncScope (node:async_hooks:206:9)
    at C:\Users\BERIOLE\Desktop\Mes_dossier\Projet soutenenace\projet\smarthealth\BACKEND\node_modules\@prisma\client\src\runtime\getPrismaClient.ts:964:27
    at Object.callback [as runInChildSpan] (C:\Users\BERIOLE\Desktop\Mes_dossier\Projet soutenenace\projet\smarthealth\BACKEND\node_modules\@prisma\client\src\runtime\core\tracing\TracingHelper.ts:28:12)
    at di.runInChildSpan (C:\Users\BERIOLE\Desktop\Mes_dossier\Projet soutenenace\projet\smarthealth\BACKEND\node_modules\@prisma\client\src\runtime\core\tracing\TracingHelper.ts:53:36)
    at Proxy._request (C:\Users\BERIOLE\Desktop\Mes_dossier\Projet soutenenace\projet\smarthealth\BACKEND\node_modules\@prisma\client\src\runtime\getPrismaClient.ts:960:34)
    at e._createPrismaPromise.action (C:\Users\BERIOLE\Desktop\Mes_dossier\Projet soutenenace\projet\smarthealth\BACKEND\node_modules\@prisma\client\src\runtime\core\model\applyModel.ts:103:27)
    at callback (C:\Users\BERIOLE\Desktop\Mes_dossier\Projet soutenenace\projet\smarthealth\BACKEND\node_modules\@prisma\client\src\runtime\core\request\createPrismaPromise.ts:34:46)
    at Proxy._callback (C:\Users\BERIOLE\Desktop\Mes_dossier\Projet soutenenace\projet\smarthealth\BACKEND\node_modules\@prisma\client\src\runtime\core\request\createPrismaPromise.ts:52:16)
    at processTicksAndRejections (node:internal/process/task_queues:95:5)
2026-06-12 12:28:57 [ERROR]: PrismaClientKnownRequestError: 
Invalid `tx.professionnelSante.create()` invocation in
C:\Users\BERIOLE\Desktop\Mes_dossier\Projet soutenenace\projet\smarthealth\BACKEND\services\utilisateurService.js:36:37

  33 } else if (['MEDECIN', 'INFIRMIER'].includes(utilisateur.type_utilisateur)) {
  34   // Les médecins ET les infirmiers ont un profil professionnel de santé
  35   // (les interventions à domicile référencent ProfessionnelSante).
→ 36   await tx.professionnelSante.create(
Unique constraint failed on the (not available)
    at Gr.handleRequestError (C:\Users\BERIOLE\Desktop\Mes_dossier\Projet soutenenace\projet\smarthealth\BACKEND\node_modules\@prisma\client\src\runtime\RequestHandler.ts:237:13)
    at Gr.handleAndLogRequestError (C:\Users\BERIOLE\Desktop\Mes_dossier\Projet soutenenace\projet\smarthealth\BACKEND\node_modules\@prisma\client\src\runtime\RequestHandler.ts:183:12)
    at Gr.request (C:\Users\BERIOLE\Desktop\Mes_dossier\Projet soutenenace\projet\smarthealth\BACKEND\node_modules\@prisma\client\src\runtime\RequestHandler.ts:152:12)
    at processTicksAndRejections (node:internal/process/task_queues:95:5)
    at a (C:\Users\BERIOLE\Desktop\Mes_dossier\Projet soutenenace\projet\smarthealth\BACKEND\node_modules\@prisma\client\src\runtime\getPrismaClient.ts:938:24)
    at C:\Users\BERIOLE\Desktop\Mes_dossier\Projet soutenenace\projet\smarthealth\BACKEND\services\utilisateurService.js:36:9
    at Proxy._transactionWithCallback (C:\Users\BERIOLE\Desktop\Mes_dossier\Projet soutenenace\projet\smarthealth\BACKEND\node_modules\@prisma\client\src\runtime\getPrismaClient.ts:785:18)
    at exports.register (C:\Users\BERIOLE\Desktop\Mes_dossier\Projet soutenenace\projet\smarthealth\BACKEND\controllers\authController.js:42:25)
2026-06-12 12:31:33 [ERROR]: PrismaClientKnownRequestError: 
Invalid `tx.professionnelSante.create()` invocation in
C:\Users\BERIOLE\Desktop\Mes_dossier\Projet soutenenace\projet\smarthealth\BACKEND\services\utilisateurService.js:36:37

  33 } else if (['MEDECIN', 'INFIRMIER'].includes(utilisateur.type_utilisateur)) {
  34   // Les médecins ET les infirmiers ont un profil professionnel de santé
  35   // (les interventions à domicile référencent ProfessionnelSante).
→ 36   await tx.professionnelSante.create(
Unique constraint failed on the (not available)
    at Gr.handleRequestError (C:\Users\BERIOLE\Desktop\Mes_dossier\Projet soutenenace\projet\smarthealth\BACKEND\node_modules\@prisma\client\src\runtime\RequestHandler.ts:237:13)
    at Gr.handleAndLogRequestError (C:\Users\BERIOLE\Desktop\Mes_dossier\Projet soutenenace\projet\smarthealth\BACKEND\node_modules\@prisma\client\src\runtime\RequestHandler.ts:183:12)
    at Gr.request (C:\Users\BERIOLE\Desktop\Mes_dossier\Projet soutenenace\projet\smarthealth\BACKEND\node_modules\@prisma\client\src\runtime\RequestHandler.ts:152:12)
    at processTicksAndRejections (node:internal/process/task_queues:95:5)
    at a (C:\Users\BERIOLE\Desktop\Mes_dossier\Projet soutenenace\projet\smarthealth\BACKEND\node_modules\@prisma\client\src\runtime\getPrismaClient.ts:938:24)
    at C:\Users\BERIOLE\Desktop\Mes_dossier\Projet soutenenace\projet\smarthealth\BACKEND\services\utilisateurService.js:36:9
    at Proxy._transactionWithCallback (C:\Users\BERIOLE\Desktop\Mes_dossier\Projet soutenenace\projet\smarthealth\BACKEND\node_modules\@prisma\client\src\runtime\getPrismaClient.ts:785:18)
    at exports.register (C:\Users\BERIOLE\Desktop\Mes_dossier\Projet soutenenace\projet\smarthealth\BACKEND\controllers\authController.js:42:25)
2026-06-12 12:31:37 [ERROR]: PrismaClientValidationError: 
Invalid `tx.rappelTraitement.create()` invocation in
C:\Users\BERIOLE\Desktop\Mes_dossier\Projet soutenenace\projet\smarthealth\BACKEND\controllers\rappelController.js:19:51

  16 if (start >= end) throw new ValidationError('La date de fin doit être après la date de début.');
  17 
  18 const rappel = await prisma.$transaction(async (tx) => {
→ 19   const newRappel = await tx.rappelTraitement.create({
         data: {
           id_patient: "d6359970-7817-4b52-aab7-a52899f35b1f",
           id_ordonnance: undefined,
           id_medicament: null,
           frequence: undefined,
           heure_prise: undefined,
           date_debut: new Date("2026-06-12T11:31:37.493Z"),
           date_fin: new Date("Invalid Date"),
                     ~~~~~~~~~~~~~~~~~~~~~~~~
           canal_notification: "sms",
           alerte_tuteur_active: false
         }
       })

Invalid value for argument `date_fin`: Provided Date object is invalid. Expected Date.
    at ar (C:\Users\BERIOLE\Desktop\Mes_dossier\Projet soutenenace\projet\smarthealth\BACKEND\node_modules\@prisma\client\src\runtime\core\errorRendering\throwValidationException.ts:46:9)
    at e.throwValidationException [as throwValidationError] (C:\Users\BERIOLE\Desktop\Mes_dossier\Projet soutenenace\projet\smarthealth\BACKEND\node_modules\@prisma\client\src\runtime\core\jsonProtocol\serializeJsonQuery.ts:458:5)
    at Ao (C:\Users\BERIOLE\Desktop\Mes_dossier\Projet soutenenace\projet\smarthealth\BACKEND\node_modules\@prisma\client\src\runtime\core\jsonProtocol\serializeJsonQuery.ts:288:15)
    at serializeArgumentsValue (C:\Users\BERIOLE\Desktop\Mes_dossier\Projet soutenenace\projet\smarthealth\BACKEND\node_modules\@prisma\client\src\runtime\core\jsonProtocol\serializeJsonQuery.ts:374:21)
    at serializeArgumentsObject (C:\Users\BERIOLE\Desktop\Mes_dossier\Projet soutenenace\projet\smarthealth\BACKEND\node_modules\@prisma\client\src\runtime\core\jsonProtocol\serializeJsonQuery.ts:340:12)
    at serializeArgumentsValue (C:\Users\BERIOLE\Desktop\Mes_dossier\Projet soutenenace\projet\smarthealth\BACKEND\node_modules\@prisma\client\src\runtime\core\jsonProtocol\serializeJsonQuery.ts:374:21)
    at serializeArgumentsObject (C:\Users\BERIOLE\Desktop\Mes_dossier\Projet soutenenace\projet\smarthealth\BACKEND\node_modules\@prisma\client\src\runtime\core\jsonProtocol\serializeJsonQuery.ts:127:16)
    at serializeFieldSelection (C:\Users\BERIOLE\Desktop\Mes_dossier\Projet soutenenace\projet\smarthealth\BACKEND\node_modules\@prisma\client\src\runtime\core\jsonProtocol\serializeJsonQuery.ts:116:12)
    at serializeJsonQuery (C:\Users\BERIOLE\Desktop\Mes_dossier\Projet soutenenace\projet\smarthealth\BACKEND\node_modules\@prisma\client\src\runtime\getPrismaClient.ts:993:11)
    at Object.callback [as runInChildSpan] (C:\Users\BERIOLE\Desktop\Mes_dossier\Projet soutenenace\projet\smarthealth\BACKEND\node_modules\@prisma\client\src\runtime\core\tracing\TracingHelper.ts:28:12)
    at di.runInChildSpan (C:\Users\BERIOLE\Desktop\Mes_dossier\Projet soutenenace\projet\smarthealth\BACKEND\node_modules\@prisma\client\src\runtime\core\tracing\TracingHelper.ts:53:36)
    at Proxy._executeRequest (C:\Users\BERIOLE\Desktop\Mes_dossier\Projet soutenenace\projet\smarthealth\BACKEND\node_modules\@prisma\client\src\runtime\getPrismaClient.ts:992:45)
    at Yo (C:\Users\BERIOLE\Desktop\Mes_dossier\Projet soutenenace\projet\smarthealth\BACKEND\node_modules\@prisma\client\src\runtime\core\extensions\applyQueryExtensions.ts:58:19)
    at applyQueryExtensions (C:\Users\BERIOLE\Desktop\Mes_dossier\Projet soutenenace\projet\smarthealth\BACKEND\node_modules\@prisma\client\src\runtime\getPrismaClient.ts:938:30)
    at consumer (C:\Users\BERIOLE\Desktop\Mes_dossier\Projet soutenenace\projet\smarthealth\BACKEND\node_modules\@prisma\client\src\runtime\getPrismaClient.ts:964:49)
    at AsyncResource.runInAsyncScope (node:async_hooks:206:9)
    at C:\Users\BERIOLE\Desktop\Mes_dossier\Projet soutenenace\projet\smarthealth\BACKEND\node_modules\@prisma\client\src\runtime\getPrismaClient.ts:964:27
    at Object.callback [as runInChildSpan] (C:\Users\BERIOLE\Desktop\Mes_dossier\Projet soutenenace\projet\smarthealth\BACKEND\node_modules\@prisma\client\src\runtime\core\tracing\TracingHelper.ts:28:12)
    at di.runInChildSpan (C:\Users\BERIOLE\Desktop\Mes_dossier\Projet soutenenace\projet\smarthealth\BACKEND\node_modules\@prisma\client\src\runtime\core\tracing\TracingHelper.ts:53:36)
    at Proxy._request (C:\Users\BERIOLE\Desktop\Mes_dossier\Projet soutenenace\projet\smarthealth\BACKEND\node_modules\@prisma\client\src\runtime\getPrismaClient.ts:960:34)
    at e._createPrismaPromise.action (C:\Users\BERIOLE\Desktop\Mes_dossier\Projet soutenenace\projet\smarthealth\BACKEND\node_modules\@prisma\client\src\runtime\core\model\applyModel.ts:103:27)
    at callback (C:\Users\BERIOLE\Desktop\Mes_dossier\Projet soutenenace\projet\smarthealth\BACKEND\node_modules\@prisma\client\src\runtime\core\request\createPrismaPromise.ts:34:46)
    at Proxy._callback (C:\Users\BERIOLE\Desktop\Mes_dossier\Projet soutenenace\projet\smarthealth\BACKEND\node_modules\@prisma\client\src\runtime\core\request\createPrismaPromise.ts:52:16)
    at processTicksAndRejections (node:internal/process/task_queues:95:5)
2026-06-12 12:31:47 [ERROR]: PrismaClientValidationError: 
Invalid `prisma.pharmacie.create()` invocation in
C:\Users\BERIOLE\Desktop\Mes_dossier\Projet soutenenace\projet\smarthealth\BACKEND\controllers\pharmacieController.js:62:46

  59   data.id_responsable = req.user.id;
  60 }
  61 
→ 62 const pharmacie = await prisma.pharmacie.create({
       data: {
         nom_pharmacie: "Pharmacie Centrale",
         numero_autorisation: "AUTH-001",
         adresse: "Douala, Bonanjo",
         telephone: "000000032",
         latitude: 4.05,
         longitude: 9.7,
     +   responsable: {
     +     create: UtilisateurCreateWithoutPharmaciesInput | UtilisateurUncheckedCreateWithoutPharmaciesInput,
     +     connectOrCreate: UtilisateurCreateOrConnectWithoutPharmaciesInput,
     +     connect: UtilisateurWhereUniqueInput
     +   }
       }
     })

Argument `responsable` is missing.
    at ar (C:\Users\BERIOLE\Desktop\Mes_dossier\Projet soutenenace\projet\smarthealth\BACKEND\node_modules\@prisma\client\src\runtime\core\errorRendering\throwValidationException.ts:46:9)
    at Gr.throwValidationException [as handleRequestError] (C:\Users\BERIOLE\Desktop\Mes_dossier\Projet soutenenace\projet\smarthealth\BACKEND\node_modules\@prisma\client\src\runtime\RequestHandler.ts:211:7)
    at Gr.handleAndLogRequestError (C:\Users\BERIOLE\Desktop\Mes_dossier\Projet soutenenace\projet\smarthealth\BACKEND\node_modules\@prisma\client\src\runtime\RequestHandler.ts:183:12)
    at Gr.request (C:\Users\BERIOLE\Desktop\Mes_dossier\Projet soutenenace\projet\smarthealth\BACKEND\node_modules\@prisma\client\src\runtime\RequestHandler.ts:152:12)
    at processTicksAndRejections (node:internal/process/task_queues:95:5)
    at a (C:\Users\BERIOLE\Desktop\Mes_dossier\Projet soutenenace\projet\smarthealth\BACKEND\node_modules\@prisma\client\src\runtime\getPrismaClient.ts:938:24)
    at exports.create (C:\Users\BERIOLE\Desktop\Mes_dossier\Projet soutenenace\projet\smarthealth\BACKEND\controllers\pharmacieController.js:62:23)
2026-06-12 12:31:47 [ERROR]: PrismaClientValidationError: 
Invalid `prisma.pharmacie.findMany()` invocation in
C:\Users\BERIOLE\Desktop\Mes_dossier\Projet soutenenace\projet\smarthealth\BACKEND\controllers\pharmacieController.js:16:24

  13 }
  14 
  15 const [data, total] = await Promise.all([
→ 16   prisma.pharmacie.findMany({
         where: {},
         skip: 0,
         take: "10",
               ~~~~
         include: {
           responsable: true
         },
         orderBy: {
           nom_pharmacie: "asc"
         }
       })

Argument `take`: Invalid value provided. Expected Int, provided String.
    at ar (C:\Users\BERIOLE\Desktop\Mes_dossier\Projet soutenenace\projet\smarthealth\BACKEND\node_modules\@prisma\client\src\runtime\core\errorRendering\throwValidationException.ts:46:9)
    at Gr.throwValidationException [as handleRequestError] (C:\Users\BERIOLE\Desktop\Mes_dossier\Projet soutenenace\projet\smarthealth\BACKEND\node_modules\@prisma\client\src\runtime\RequestHandler.ts:211:7)
    at Gr.handleAndLogRequestError (C:\Users\BERIOLE\Desktop\Mes_dossier\Projet soutenenace\projet\smarthealth\BACKEND\node_modules\@prisma\client\src\runtime\RequestHandler.ts:183:12)
    at Gr.request (C:\Users\BERIOLE\Desktop\Mes_dossier\Projet soutenenace\projet\smarthealth\BACKEND\node_modules\@prisma\client\src\runtime\RequestHandler.ts:152:12)
    at processTicksAndRejections (node:internal/process/task_queues:95:5)
    at a (C:\Users\BERIOLE\Desktop\Mes_dossier\Projet soutenenace\projet\smarthealth\BACKEND\node_modules\@prisma\client\src\runtime\getPrismaClient.ts:938:24)
    at async Promise.all (index 0)
    at exports.getAll (C:\Users\BERIOLE\Desktop\Mes_dossier\Projet soutenenace\projet\smarthealth\BACKEND\controllers\pharmacieController.js:15:27)
2026-06-12 12:31:50 [ERROR]: PrismaClientKnownRequestError: 
Invalid `tx.professionnelSante.create()` invocation in
C:\Users\BERIOLE\Desktop\Mes_dossier\Projet soutenenace\projet\smarthealth\BACKEND\services\utilisateurService.js:36:37

  33 } else if (['MEDECIN', 'INFIRMIER'].includes(utilisateur.type_utilisateur)) {
  34   // Les médecins ET les infirmiers ont un profil professionnel de santé
  35   // (les interventions à domicile référencent ProfessionnelSante).
→ 36   await tx.professionnelSante.create(
Unique constraint failed on the (not available)
    at Gr.handleRequestError (C:\Users\BERIOLE\Desktop\Mes_dossier\Projet soutenenace\projet\smarthealth\BACKEND\node_modules\@prisma\client\src\runtime\RequestHandler.ts:237:13)
    at Gr.handleAndLogRequestError (C:\Users\BERIOLE\Desktop\Mes_dossier\Projet soutenenace\projet\smarthealth\BACKEND\node_modules\@prisma\client\src\runtime\RequestHandler.ts:183:12)
    at Gr.request (C:\Users\BERIOLE\Desktop\Mes_dossier\Projet soutenenace\projet\smarthealth\BACKEND\node_modules\@prisma\client\src\runtime\RequestHandler.ts:152:12)
    at processTicksAndRejections (node:internal/process/task_queues:95:5)
    at a (C:\Users\BERIOLE\Desktop\Mes_dossier\Projet soutenenace\projet\smarthealth\BACKEND\node_modules\@prisma\client\src\runtime\getPrismaClient.ts:938:24)
    at C:\Users\BERIOLE\Desktop\Mes_dossier\Projet soutenenace\projet\smarthealth\BACKEND\services\utilisateurService.js:36:9
    at Proxy._transactionWithCallback (C:\Users\BERIOLE\Desktop\Mes_dossier\Projet soutenenace\projet\smarthealth\BACKEND\node_modules\@prisma\client\src\runtime\getPrismaClient.ts:785:18)
    at exports.register (C:\Users\BERIOLE\Desktop\Mes_dossier\Projet soutenenace\projet\smarthealth\BACKEND\controllers\authController.js:42:25)
2026-06-12 20:33:11 [ERROR]: PrismaClientValidationError: 
Invalid `prisma.medicament.findMany()` invocation in
C:\Users\BERIOLE\Desktop\Mes_dossier\Projet soutenenace\projet\smarthealth\BACKEND\controllers\medicamentController.js:19:25

  16 }
  17 
  18 const [data, total] = await Promise.all([
→ 19   prisma.medicament.findMany({
         where: {},
         skip: 0,
         take: "10",
               ~~~~
         orderBy: {
           nom_commercial: "asc"
         }
       })

Argument `take`: Invalid value provided. Expected Int, provided String.
    at ar (C:\Users\BERIOLE\Desktop\Mes_dossier\Projet soutenenace\projet\smarthealth\BACKEND\node_modules\@prisma\client\src\runtime\core\errorRendering\throwValidationException.ts:46:9)
    at Gr.throwValidationException [as handleRequestError] (C:\Users\BERIOLE\Desktop\Mes_dossier\Projet soutenenace\projet\smarthealth\BACKEND\node_modules\@prisma\client\src\runtime\RequestHandler.ts:211:7)
    at Gr.handleAndLogRequestError (C:\Users\BERIOLE\Desktop\Mes_dossier\Projet soutenenace\projet\smarthealth\BACKEND\node_modules\@prisma\client\src\runtime\RequestHandler.ts:183:12)
    at Gr.request (C:\Users\BERIOLE\Desktop\Mes_dossier\Projet soutenenace\projet\smarthealth\BACKEND\node_modules\@prisma\client\src\runtime\RequestHandler.ts:152:12)
    at processTicksAndRejections (node:internal/process/task_queues:95:5)
    at a (C:\Users\BERIOLE\Desktop\Mes_dossier\Projet soutenenace\projet\smarthealth\BACKEND\node_modules\@prisma\client\src\runtime\getPrismaClient.ts:938:24)
    at async Promise.all (index 0)
    at exports.getAll (C:\Users\BERIOLE\Desktop\Mes_dossier\Projet soutenenace\projet\smarthealth\BACKEND\controllers\medicamentController.js:18:27)
2026-06-12 20:33:38 [ERROR]: PrismaClientValidationError: 
Invalid `prisma.medicament.findMany()` invocation in
C:\Users\BERIOLE\Desktop\Mes_dossier\Projet soutenenace\projet\smarthealth\BACKEND\controllers\medicamentController.js:19:25

  16 }
  17 
  18 const [data, total] = await Promise.all([
→ 19   prisma.medicament.findMany({
         where: {},
         skip: 0,
         take: "10",
               ~~~~
         orderBy: {
           nom_commercial: "asc"
         }
       })

Argument `take`: Invalid value provided. Expected Int, provided String.
    at ar (C:\Users\BERIOLE\Desktop\Mes_dossier\Projet soutenenace\projet\smarthealth\BACKEND\node_modules\@prisma\client\src\runtime\core\errorRendering\throwValidationException.ts:46:9)
    at Gr.throwValidationException [as handleRequestError] (C:\Users\BERIOLE\Desktop\Mes_dossier\Projet soutenenace\projet\smarthealth\BACKEND\node_modules\@prisma\client\src\runtime\RequestHandler.ts:211:7)
    at Gr.handleAndLogRequestError (C:\Users\BERIOLE\Desktop\Mes_dossier\Projet soutenenace\projet\smarthealth\BACKEND\node_modules\@prisma\client\src\runtime\RequestHandler.ts:183:12)
    at Gr.request (C:\Users\BERIOLE\Desktop\Mes_dossier\Projet soutenenace\projet\smarthealth\BACKEND\node_modules\@prisma\client\src\runtime\RequestHandler.ts:152:12)
    at processTicksAndRejections (node:internal/process/task_queues:95:5)
    at a (C:\Users\BERIOLE\Desktop\Mes_dossier\Projet soutenenace\projet\smarthealth\BACKEND\node_modules\@prisma\client\src\runtime\getPrismaClient.ts:938:24)
    at async Promise.all (index 0)
    at exports.getAll (C:\Users\BERIOLE\Desktop\Mes_dossier\Projet soutenenace\projet\smarthealth\BACKEND\controllers\medicamentController.js:18:27)
2026-06-12 20:34:23 [ERROR]: PrismaClientValidationError: 
Invalid `prisma.medicament.findMany()` invocation in
C:\Users\BERIOLE\Desktop\Mes_dossier\Projet soutenenace\projet\smarthealth\BACKEND\controllers\medicamentController.js:19:25

  16 }
  17 
  18 const [data, total] = await Promise.all([
→ 19   prisma.medicament.findMany({
         where: {},
         skip: 0,
         take: "10",
               ~~~~
         orderBy: {
           nom_commercial: "asc"
         }
       })

Argument `take`: Invalid value provided. Expected Int, provided String.
    at ar (C:\Users\BERIOLE\Desktop\Mes_dossier\Projet soutenenace\projet\smarthealth\BACKEND\node_modules\@prisma\client\runtime\client.js:10:1374)
    at Gr.handleRequestError (C:\Users\BERIOLE\Desktop\Mes_dossier\Projet soutenenace\projet\smarthealth\BACKEND\node_modules\@prisma\client\runtime\client.js:65:7929)
    at Gr.handleAndLogRequestError (C:\Users\BERIOLE\Desktop\Mes_dossier\Projet soutenenace\projet\smarthealth\BACKEND\node_modules\@prisma\client\runtime\client.js:65:7581)
    at Gr.request (C:\Users\BERIOLE\Desktop\Mes_dossier\Projet soutenenace\projet\smarthealth\BACKEND\node_modules\@prisma\client\runtime\client.js:65:7288)
    at process.processTicksAndRejections (node:internal/process/task_queues:95:5)
    at async a (C:\Users\BERIOLE\Desktop\Mes_dossier\Projet soutenenace\projet\smarthealth\BACKEND\node_modules\@prisma\client\runtime\client.js:75:6730)
    at async Promise.all (index 0)
    at async exports.getAll (C:\Users\BERIOLE\Desktop\Mes_dossier\Projet soutenenace\projet\smarthealth\BACKEND\controllers\medicamentController.js:18:27)
2026-06-12 20:45:23 [ERROR]: PrismaClientValidationError: 
Invalid `prisma.medicament.findMany()` invocation in
C:\Users\BERIOLE\Desktop\Mes_dossier\Projet soutenenace\projet\smarthealth\BACKEND\controllers\medicamentController.js:19:25

  16 }
  17 
  18 const [data, total] = await Promise.all([
→ 19   prisma.medicament.findMany({
         where: {},
         skip: 0,
         take: "10",
               ~~~~
         orderBy: {
           nom_commercial: "asc"
         }
       })

Argument `take`: Invalid value provided. Expected Int, provided String.
    at ar (C:\Users\BERIOLE\Desktop\Mes_dossier\Projet soutenenace\projet\smarthealth\BACKEND\node_modules\@prisma\client\runtime\client.js:10:1374)
    at Gr.handleRequestError (C:\Users\BERIOLE\Desktop\Mes_dossier\Projet soutenenace\projet\smarthealth\BACKEND\node_modules\@prisma\client\runtime\client.js:65:7929)
    at Gr.handleAndLogRequestError (C:\Users\BERIOLE\Desktop\Mes_dossier\Projet soutenenace\projet\smarthealth\BACKEND\node_modules\@prisma\client\runtime\client.js:65:7581)
    at Gr.request (C:\Users\BERIOLE\Desktop\Mes_dossier\Projet soutenenace\projet\smarthealth\BACKEND\node_modules\@prisma\client\runtime\client.js:65:7288)
    at process.processTicksAndRejections (node:internal/process/task_queues:95:5)
    at async a (C:\Users\BERIOLE\Desktop\Mes_dossier\Projet soutenenace\projet\smarthealth\BACKEND\node_modules\@prisma\client\runtime\client.js:75:6730)
    at async Promise.all (index 0)
    at async exports.getAll (C:\Users\BERIOLE\Desktop\Mes_dossier\Projet soutenenace\projet\smarthealth\BACKEND\controllers\medicamentController.js:18:27)
2026-06-12 20:45:23 [ERROR]: PrismaClientValidationError: 
Invalid `prisma.medicament.findMany()` invocation in
C:\Users\BERIOLE\Desktop\Mes_dossier\Projet soutenenace\projet\smarthealth\BACKEND\controllers\medicamentController.js:19:25

  16 }
  17 
  18 const [data, total] = await Promise.all([
→ 19   prisma.medicament.findMany({
         where: {},
         skip: 0,
         take: "10",
               ~~~~
         orderBy: {
           nom_commercial: "asc"
         }
       })

Argument `take`: Invalid value provided. Expected Int, provided String.
    at ar (C:\Users\BERIOLE\Desktop\Mes_dossier\Projet soutenenace\projet\smarthealth\BACKEND\node_modules\@prisma\client\runtime\client.js:10:1374)
    at Gr.handleRequestError (C:\Users\BERIOLE\Desktop\Mes_dossier\Projet soutenenace\projet\smarthealth\BACKEND\node_modules\@prisma\client\runtime\client.js:65:7929)
    at Gr.handleAndLogRequestError (C:\Users\BERIOLE\Desktop\Mes_dossier\Projet soutenenace\projet\smarthealth\BACKEND\node_modules\@prisma\client\runtime\client.js:65:7581)
    at Gr.request (C:\Users\BERIOLE\Desktop\Mes_dossier\Projet soutenenace\projet\smarthealth\BACKEND\node_modules\@prisma\client\runtime\client.js:65:7288)
    at process.processTicksAndRejections (node:internal/process/task_queues:95:5)
    at async a (C:\Users\BERIOLE\Desktop\Mes_dossier\Projet soutenenace\projet\smarthealth\BACKEND\node_modules\@prisma\client\runtime\client.js:75:6730)
    at async Promise.all (index 0)
    at async exports.getAll (C:\Users\BERIOLE\Desktop\Mes_dossier\Projet soutenenace\projet\smarthealth\BACKEND\controllers\medicamentController.js:18:27)
2026-06-13 02:50:30 [ERROR]: PrismaClientKnownRequestError: 
Invalid `prisma.refreshToken.create()` invocation in
C:\Users\BERIOLE\Desktop\Mes_dossier\Projet soutenenace\projet\smarthealth\BACKEND\services\refreshTokenService.js:16:31

  13 const token = generateRefreshToken();
  14 const expire_le = new Date(Date.now() + REFRESH_EXPIRES_DAYS * 24 * 60 * 60 * 1000);
  15 
→ 16 await prisma.refreshToken.create(
The table `(not available)` does not exist in the current database.
    at Gr.handleRequestError (C:\Users\BERIOLE\Desktop\Mes_dossier\Projet soutenenace\projet\smarthealth\BACKEND\node_modules\@prisma\client\src\runtime\RequestHandler.ts:237:13)
    at Gr.handleAndLogRequestError (C:\Users\BERIOLE\Desktop\Mes_dossier\Projet soutenenace\projet\smarthealth\BACKEND\node_modules\@prisma\client\src\runtime\RequestHandler.ts:183:12)
    at Gr.request (C:\Users\BERIOLE\Desktop\Mes_dossier\Projet soutenenace\projet\smarthealth\BACKEND\node_modules\@prisma\client\src\runtime\RequestHandler.ts:152:12)
    at processTicksAndRejections (node:internal/process/task_queues:95:5)
    at a (C:\Users\BERIOLE\Desktop\Mes_dossier\Projet soutenenace\projet\smarthealth\BACKEND\node_modules\@prisma\client\src\runtime\getPrismaClient.ts:938:24)
    at RefreshTokenService.issue (C:\Users\BERIOLE\Desktop\Mes_dossier\Projet soutenenace\projet\smarthealth\BACKEND\services\refreshTokenService.js:16:5)
    at exports.login (C:\Users\BERIOLE\Desktop\Mes_dossier\Projet soutenenace\projet\smarthealth\BACKEND\controllers\authController.js:173:26)
2026-06-13 02:50:30 [ERROR]: PrismaClientKnownRequestError: 
Invalid `prisma.refreshToken.create()` invocation in
C:\Users\BERIOLE\Desktop\Mes_dossier\Projet soutenenace\projet\smarthealth\BACKEND\services\refreshTokenService.js:16:31

  13 const token = generateRefreshToken();
  14 const expire_le = new Date(Date.now() + REFRESH_EXPIRES_DAYS * 24 * 60 * 60 * 1000);
  15 
→ 16 await prisma.refreshToken.create(
The table `(not available)` does not exist in the current database.
    at Gr.handleRequestError (C:\Users\BERIOLE\Desktop\Mes_dossier\Projet soutenenace\projet\smarthealth\BACKEND\node_modules\@prisma\client\src\runtime\RequestHandler.ts:237:13)
    at Gr.handleAndLogRequestError (C:\Users\BERIOLE\Desktop\Mes_dossier\Projet soutenenace\projet\smarthealth\BACKEND\node_modules\@prisma\client\src\runtime\RequestHandler.ts:183:12)
    at Gr.request (C:\Users\BERIOLE\Desktop\Mes_dossier\Projet soutenenace\projet\smarthealth\BACKEND\node_modules\@prisma\client\src\runtime\RequestHandler.ts:152:12)
    at processTicksAndRejections (node:internal/process/task_queues:95:5)
    at a (C:\Users\BERIOLE\Desktop\Mes_dossier\Projet soutenenace\projet\smarthealth\BACKEND\node_modules\@prisma\client\src\runtime\getPrismaClient.ts:938:24)
    at RefreshTokenService.issue (C:\Users\BERIOLE\Desktop\Mes_dossier\Projet soutenenace\projet\smarthealth\BACKEND\services\refreshTokenService.js:16:5)
    at exports.login (C:\Users\BERIOLE\Desktop\Mes_dossier\Projet soutenenace\projet\smarthealth\BACKEND\controllers\authController.js:173:26)
